True_Values,Predictions
2,1.1923168
3,1.2367538
1,0.3339579
2,1.2300307
7,5.0154543
2,1.0698892
2,1.1285813
3,2.6547651
6,3.8674843
3,2.1190515
2,1.0898933
0,0.9232333
4,3.0306406
5,3.778127
3,2.8916047
5,3.7307177
-1,0.24150454
6,4.5763254
4,2.8510613
12,9.260504
2,1.144349
1,0.37335634
2,1.16295
6,4.02954
4,3.2390716
2,1.6857885
9,7.471733
5,3.047884
15,13.887094
1,0.74851465
6,4.0938387
6,4.5516534
12,9.845309
5,4.1487722
4,3.5689983
2,2.1519723
5,4.003459
3,2.4089642
3,2.6467662
3,2.7625446
4,3.0594516
1,1.401227
3,2.8765676
3,2.8893
2,1.5482603
3,3.0300474
7,5.059641
2,2.104012
3,2.4433427
3,2.6818402
2,2.1904287
4,4.0797677
2,2.3827312
2,2.6014643
3,2.98105
0,1.1696601
5,6.803813
3,2.841496
6,5.130402
0,0.6248667
4,3.1232777
2,2.947483
3,2.901804
4,3.4659824
3,3.127596
1,2.4900184
2,2.4140263
2,0.6913327
1,-0.008474479
1,0.062902085
-1,-0.9630532
1,0.19660912
2,0.5800891
2,0.8761244
9,8.084109
5,5.794298
3,2.041171
9,8.438314
4,3.134171
4,2.952992
-7,-3.128789
3,2.0003333
3,1.682192
1,0.6515317
2,1.4295832
10,8.452917
12,10.119337
2,1.4799167
10,8.826135
3,2.1497378
2,2.0349846
4,2.7097807
1,1.5875447
2,1.9493566
2,1.7687061
1,1.1252226
4,3.8400693
0,0.7078655
2,1.41187
7,6.4652696
3,2.710905
8,8.009122
2,1.6968156
16,15.620317
1,1.7547804
3,2.6896102
2,1.8148805
2,2.246921
10,9.287053
11,10.789111
3,3.3540757
3,5.431772
2,2.4274282
9,8.710838
2,1.8038524
3,2.574524
9,7.9178824
0,0.43506074
4,2.7824304
4,2.9943705
2,2.221155
2,0.8478037
1,0.5556016
0,-0.39991033
2,1.1562253
2,0.7951045
2,1.0019346
6,3.9810662
2,0.9427395
2,1.4939609
7,7.122486
1,0.51775324
2,0.96745384
5,3.4088726
11,10.214054
2,0.9725542
0,0.5644227
5,3.4520662
16,15.39901
5,4.1054063
0,0.18589817
-1,-0.3934027
3,1.9815311
1,0.82342637
2,1.1553115
2,1.3426186
3,2.777618
2,1.6775509
3,2.6035614
1,0.99702346
2,1.4389838
1,0.85703444
5,4.4096923
3,2.3465986
4,2.8305936
2,1.9267421
4,2.8764296
1,1.2459593
2,1.413841
2,1.3494043
1,1.320273
1,1.0164838
2,1.4724876
2,2.1576293
1,0.40166497
-6,-2.7328231
10,8.235569
2,1.3228263
4,2.8502474
-5,-1.797416
-1,-0.6312107
9,7.510213
1,0.84591687
2,1.5420469
4,2.9431024
2,1.8618277
2,1.3025265
3,2.59794
2,1.6582613
0,0.64343524
0,0.33305156
3,2.1656744
4,3.1491463
3,2.2557907
2,1.7327259
5,4.273523
3,2.4308863
2,1.7430845
6,4.49049
5,3.4017007
2,1.8773019
5,3.9005952
2,2.1108663
3,2.749343
10,9.091775
10,9.01546
4,3.2225327
2,2.2123613
0,1.372202
1,1.5774962
1,0.6073003
3,3.0988207
6,4.7080584
1,1.5247049
3,2.4489183
5,3.5190992
2,1.59358
4,3.4412348
4,2.8232996
2,1.846073
3,2.7323241
3,2.2831712
3,2.200447
1,0.96970886
3,2.1129026
3,2.6482744
4,3.2211127
3,1.8555903
1,0.13152991
2,0.7675024
1,0.5852511
3,1.8371085
3,1.8103243
2,1.6620554
2,0.935933
2,0.8588891
3,1.9106711
2,0.83212113
2,1.8036327
2,1.2839242
0,1.1098049
2,1.6610104
3,2.053902
2,0.5318055
0,0.0010211369
-1,-0.8697815
-4,-2.2801113
3,1.9153129
1,0.3861798
3,1.6577603
1,0.7369385
1,0.24553238
3,2.02534
2,1.8489351
4,2.7852337
1,0.5249376
2,1.263422
0,-0.1581365
2,1.4477571
7,4.38285
5,3.9307725
6,5.635742
7,7.0841007
5,4.7167397
1,1.0217656
2,1.4769856
2,2.2234051
5,3.4349465
4,3.0025506
6,5.085991
11,9.762194
3,3.1175013
4,3.5726852
2,0.81970537
2,0.87303305
2,1.3060951
1,0.31559575
1,0.4936298
1,0.530434
4,3.6676466
8,6.960806
7,5.2011113
7,6.597314
1,0.94844353
6,4.954195
4,3.3384852
3,2.8283114
12,12.067769
2,2.0334458
10,9.429985
2,1.8770989
7,6.7172027
4,3.9564023
2,2.1581917
9,9.353402
4,3.3985434
2,1.8567015
2,2.1040587
9,9.165519
11,9.400402
4,2.1339765
1,0.47230005
1,1.3245424
5,3.759286
2,1.6745008
2,1.3989636
2,1.6611466
2,1.0510731
2,1.8836197
4,2.7321877
5,3.5534122
6,4.879859
5,3.6191711
4,2.7780457
3,2.3688645
5,4.544581
5,3.9738262
3,2.4644942
3,2.3126793
6,5.5404587
2,1.715933
2,1.813127
3,2.3092089
2,1.2288265
9,7.849469
0,0.2669114
1,0.7523515
2,1.5534333
2,0.9554708
1,0.50719523
2,1.2858695
9,8.745927
9,8.329341
1,0.89681196
2,1.758157
1,0.6504713
1,0.5865495
1,0.26611495
4,2.3552341
2,0.9730972
1,0.18678711
1,1.3224844
4,3.4965885
3,2.8941936
2,1.4527602
5,4.821539
2,2.306096
3,2.5326245
1,1.1600288
3,2.7087018
4,3.7277596
5,5.073738
5,4.8862143
3,1.4505461
0,-0.3815068
0,-0.3143643
4,2.524002
-2,-0.5077256
3,2.1744757
6,4.527239
11,9.57183
-6,-2.607446
11,9.476077
3,2.210967
3,1.8366035
8,7.0033627
9,9.646777
6,5.0167246
5,4.028572
1,0.14452146
2,1.9596112
9,8.802997
9,9.028892
2,2.1466227
10,10.134316
4,3.059098
3,3.1600025
1,1.3726357
8,7.791849
0,0.7349993
2,2.3049304
4,3.5709343
13,13.154251
2,2.4777935
12,11.628358
3,1.5528787
0,-0.24671067
2,0.7742828
3,1.936149
1,0.25318766
2,1.0389405
4,2.988462
2,0.88213444
4,4.1426697
10,9.474672
3,3.168318
2,2.2674334
7,6.377053
8,8.1675625
4,4.5442305
-1,0.3066268
2,3.149129
9,8.046294
7,5.75878
4,4.2184877
6,6.1789665
4,3.5882196
2,3.1497347
5,3.8689022
1,0.9107493
2,1.3244793
2,1.8415505
0,0.70684326
0,0.24528728
1,0.75656736
2,1.4200711
1,0.9994538
2,1.4811324
2,1.6336328
2,1.2549666
12,9.79658
0,0.6457119
3,2.240447
9,8.036187
3,2.2554524
3,1.8890746
10,8.468818
8,7.7873607
3,2.0259347
4,2.8171155
2,1.5293051
9,8.069829
2,2.020976
5,3.6957448
3,2.3957326
3,2.080203
1,0.36293066
1,0.95573974
0,0.002650132
12,9.320399
2,2.0088568
3,2.0207453
3,2.3743386
3,2.4045496
6,4.5303516
4,3.2644536
2,1.4900872
2,1.3110558
2,1.3071214
2,1.5110472
0,0.25016356
1,1.0846491
2,1.519637
5,3.254667
2,1.438702
1,0.9016484
1,1.0275518
3,2.269063
10,8.84998
1,1.1628999
10,9.902465
9,9.285311
2,2.3607867
4,3.072577
4,3.8106933
3,2.522573
5,4.855809
6,4.654107
3,2.5070252
5,3.7636256
0,0.91206527
1,0.8675834
5,3.167354
1,0.9941155
5,3.1955264
10,8.935548
0,0.3324678
1,0.80231965
0,0.3579768
2,2.2817233
14,11.589717
6,5.2412643
2,2.2344022
2,2.3728433
3,2.4425437
2,2.0924985
3,3.0577135
1,1.361437
3,2.7660484
2,2.3850808
6,6.6140404
1,1.7499381
5,4.062896
3,3.1737683
1,1.7889559
2,2.063404
3,2.8141782
11,9.6152725
8,7.545751
2,1.5852301
2,1.5025789
12,11.687966
4,3.1087074
4,3.0058858
4,3.9133487
3,3.0282936
10,9.386395
4,3.6512535
8,7.0504236
4,3.575035
0,0.2740656
2,1.2886189
2,0.7262331
1,0.21423052
1,0.12289523
3,1.6026789
5,3.611694
2,2.206881
6,3.7542267
-4,-2.2722623
2,1.6570895
3,2.20965
4,3.073849
0,0.61801565
4,3.0152454
5,4.4218545
1,1.6425687
2,1.9039825
11,9.575369
1,1.7175144
0,-0.30165493
1,0.29648244
1,0.38297296
2,1.0557876
0,0.4575919
11,8.875065
2,1.345892
4,3.116866
1,0.31366348
2,1.0182697
-7,-3.5804877
4,4.28191
3,3.3679993
0,0.45558798
3,2.5485096
4,3.5832124
3,2.4898906
3,2.3788126
2,1.6771814
1,0.7407304
3,2.0299172
1,1.025814
1,1.1932138
3,2.3123627
4,2.5951958
3,2.8039947
6,5.004273
4,3.3491185
4,2.8008757
3,2.831728
1,1.3244618
2,1.7627527
3,2.6140687
2,1.9512781
4,2.7638083
16,15.908507
5,3.9972644
1,0.9282192
2,2.2550197
2,2.421885
3,2.5475593
4,3.6079628
5,3.7132745
1,1.2196282
2,1.6862916
4,4.3083262
2,1.8702494
2,1.9417976
0,0.61335254
3,2.3027968
3,1.9743052
3,1.9117721
7,4.9463787
2,1.9423813
2,1.8993257
4,2.735256
4,2.5861049
2,2.136816
4,2.963581
8,7.705042
5,4.0324516
3,2.2212431
4,2.9345434
2,1.7852962
9,7.179076
2,2.4903228
2,1.2762932
1,1.6811785
2,2.342018
6,5.2601113
2,2.267255
4,3.004289
0,0.6503414
2,1.5725037
1,0.9616989
2,1.6858529
4,3.1664627
4,3.4273508
5,4.438832
11,10.084457
6,4.7408295
4,2.7868414
3,2.6543143
6,5.2505455
3,2.8964949
2,1.8920143
5,4.0895967
5,4.099001
10,9.243392
5,3.7514546
4,3.494379
7,7.3035617
1,0.64538944
15,13.929404
0,0.8861517
16,14.711696
0,0.8083284
4,3.61966
5,4.4301233
12,10.612531
9,8.503218
2,2.014831
0,0.3231963
0,0.525179
4,2.8300147
11,9.999457
3,2.4482522
6,3.8629782
4,2.9756134
2,1.4085969
0,-0.0036561587
3,2.3937192
0,-0.06846667
4,3.0383372
3,2.4760103
2,1.9899646
2,1.0908295
6,3.669391
5,2.977851
-1,-0.20247568
2,1.9662904
3,2.3710487
2,1.4583895
2,1.1929226
3,2.4551523
4,2.2311127
-1,-0.5064651
3,2.1531892
2,1.9773905
2,1.3009955
2,1.7287271
5,4.1033
2,1.3833584
3,1.7577206
1,0.93114495
2,2.2925868
4,2.7252986
1,1.0287101
-1,-0.66670525
2,1.5280955
3,2.121983
4,2.3600402
2,0.95593023
1,0.91552544
2,0.5479977
1,0.65931165
-2,-0.9380646
2,0.68538916
4,1.7972269
7,4.482915
7,4.485238
12,10.028854
8,5.2859154
6,3.5705435
3,1.4495997
5,2.791758
6,3.8311558
10,8.972125
5,4.062885
6,5.0548363
4,4.492403
3,3.2795525
2,2.6408477
3,4.1195383
2,1.8899428
2,1.6982241
1,1.2234764
0,1.146737
2,2.362574
16,17.42996
16,16.227377
9,8.783022
11,8.539067
2,0.9395672
-8,-4.9924974
12,9.289303
3,2.2560163
2,1.8159467
3,2.943715
5,3.557546
3,2.425148
1,0.61140406
3,2.093534
0,0.53549993
2,1.8423462
2,1.6334015
0,1.4097625
2,2.121104
2,1.9219822
4,3.2160761
3,2.9559755
8,5.9594407
3,3.7163277
2,2.4517
2,2.2988002
5,4.0538735
4,3.8653777
3,2.8460178
5,4.212329
3,2.7390058
6,4.5524235
4,3.7979627
-1,-0.44757307
5,4.152891
2,2.575533
1,1.5912353
5,4.6856546
3,2.9074655
4,4.0168486
1,0.63013387
1,0.3535484
2,1.4607106
2,1.4668112
3,1.4198192
0,-0.12990202
5,2.4531713
3,1.5390882
1,0.8482057
3,1.779663
2,2.1329083
6,5.3073807
2,1.5584217
3,3.6995816
7,6.0022345
4,4.9662676
7,5.5747666
1,0.567224
1,1.1724358
1,1.2895027
1,0.35472763
7,6.520609
3,1.5950733
0,0.17224394
2,1.3106781
1,0.6695887
4,3.2238016
2,1.7893683
5,4.6187305
3,2.355357
1,0.82859623
9,8.333125
2,1.4979634
9,8.24193
1,0.8773738
2,1.6888977
1,0.99998295
-8,-3.7343566
2,2.4191933
1,0.8727999
0,0.6342995
6,4.4641733
3,2.5226157
2,1.5701225
2,1.6997253
3,2.2068343
1,1.2564793
5,3.2359905
3,2.75393
1,1.0409325
2,0.9521422
3,2.064236
3,2.094883
1,0.85029817
2,1.1148711
3,2.0519042
3,1.8886976
2,1.4955353
4,4.438925
2,1.6374165
8,6.987261
2,1.5461756
2,2.1219807
5,5.0589867
2,2.0550518
7,5.9574585
5,4.0194907
1,1.1524025
3,1.3130691
2,0.7090044
2,0.87184906
2,1.0796716
1,0.6111721
2,0.73383033
2,0.7396227
2,0.8358065
2,0.92046237
2,0.9830507
4,2.7979298
2,0.9282963
2,1.7048906
8,7.8218293
1,0.96836245
15,14.554217
8,7.668849
4,3.937049
3,2.5216773
1,1.0251223
4,3.6335597
1,0.93540823
8,8.089002
1,1.5421066
4,3.5940053
3,2.588831
3,2.7058496
3,2.6542587
6,5.224613
2,1.6916538
-1,0.5999925
3,2.56246
3,2.4782193
6,4.8521757
4,3.8179593
5,4.174632
1,1.3800853
2,2.187296
2,2.5178246
6,4.564701
5,4.0245833
2,1.2011591
2,1.585752
3,2.529175
3,2.9362133
-1,-0.1413026
1,1.073186
3,2.7754517
10,8.911843
4,3.649479
6,3.8110237
1,0.33388984
2,1.7018645
2,1.7723514
2,1.8120233
4,3.5968168
5,3.7977443
1,1.4458686
3,2.4404228
2,1.3298997
1,1.7219269
1,0.41798103
0,0.7222413
0,0.8462156
1,1.1672207
1,1.1105984
0,0.24074231
3,2.972281
2,1.4872252
0,0.51277316
2,1.7643253
10,9.6358595
2,1.7917397
3,2.2702708
2,1.9227244
2,1.5259877
3,2.5011888
1,1.1293297
0,0.51389027
2,1.6333325
4,3.221733
2,1.8602467
8,7.085838
2,1.9315338
3,2.472913
2,1.3064486
9,9.943148
3,2.4741025
6,4.3419714
9,8.571738
-1,-0.3204764
16,16.606844
2,1.9856924
16,15.049754
10,8.916475
3,2.6667788
6,5.5079336
3,2.6185272
12,11.467179
4,2.9163365
8,6.4344273
3,2.3255346
2,1.8203737
3,2.069972
2,2.4544368
6,4.7952123
7,5.9187784
2,1.5941943
7,4.902771
2,1.7198011
7,6.3351207
2,2.513107
6,5.348077
5,4.764743
3,3.0663085
14,12.595252
4,3.3353124
4,3.5624402
0,0.6251364
7,5.232033
1,1.3299536
1,1.452803
0,1.1696801
7,4.9760227
2,1.0727464
12,9.985677
6,4.531521
3,2.9479978
5,3.9558878
5,3.8543751
10,8.700449
3,2.4862585
1,1.0635418
4,3.3873675
0,0.1641197
11,9.678281
2,1.4146243
2,2.3995829
4,3.237506
7,4.7606077
6,3.8091524
3,2.3170228
3,1.8323989
6,4.486732
9,8.461697
4,3.2794223
4,3.3055785
3,2.2166421
3,2.6139395
2,1.3008767
1,1.5958166
3,2.8623462
6,4.7537885
3,2.7161295
5,3.6227446
1,1.1046226
2,1.9840792
4,3.2186716
2,3.0705404
4,3.4628654
3,3.390811
2,2.4633055
-1,-0.32874346
6,4.4070396
-1,0.29208672
3,2.1241112
2,1.2502222
3,2.0423512
3,2.315476
2,1.8004588
1,1.1738099
1,0.65324116
1,0.66978145
2,1.9487832
5,3.0625384
3,2.4710715
0,-0.14201738
3,2.5992694
2,1.8908342
0,0.22717892
3,2.6063952
4,2.460161
3,2.3283577
4,3.0017507
3,2.7843246
4,2.5193324
3,2.8709335
4,3.3159208
2,1.8527098
3,2.5563467
4,2.5525913
2,2.0774107
11,9.65566
1,0.8653858
1,0.98386776
2,1.2891179
5,3.2686317
1,0.69424486
1,0.76771295
1,1.4875398
3,2.6732101
4,2.2041502
-1,-0.23442723
4,2.1806316
3,1.5935562
1,0.2827611
2,1.2973516
-5,-2.9336576
0,-0.51616824
2,0.91544336
1,-0.0139317615
2,0.5569037
2,1.623641
1,0.921648
8,7.3186903
5,3.2346222
5,3.0684247
1,1.9129394
4,2.9166932
3,2.625331
3,2.7176251
3,2.1517534
2,1.5156242
2,1.9432902
2,2.2811966
3,2.3728113
-1,0.33979142
0,1.7805973
2,1.8037374
3,2.8149858
2,1.873146
3,2.8766713
2,2.339423
2,1.8843327
3,2.4266644
7,6.277359
1,1.7642735
2,2.591748
6,4.1497927
2,2.261002
3,1.8656274
2,1.6447762
3,2.0021143
3,2.7642026
3,2.3588974
3,2.6565704
2,1.8845154
0,0.4369955
5,4.340455
2,1.8703961
2,1.610958
11,9.628781
6,5.1747913
5,3.9333582
19,16.456402
9,7.0564623
10,9.076467
12,10.567578
2,2.1973615
7,5.704171
6,4.4188185
6,4.9013996
2,1.6601387
5,4.1171865
7,5.6294227
3,2.3397837
2,1.6637818
3,2.2506442
4,2.4790192
4,3.6930165
1,1.2895981
5,3.7550628
3,2.2656236
2,1.6874248
3,2.4737418
2,2.2969198
6,4.4796705
2,1.9417816
2,1.2229099
0,0.3503443
10,8.912844
2,1.66906
3,2.2435503
5,3.821405
11,10.341081
6,5.4215584
3,2.7977114
2,1.8481867
3,2.1145124
4,3.6076186
5,3.8065302
3,2.376393
0,0.49696136
6,5.2939196
3,3.474275
2,1.919524
5,5.1715627
8,5.6104927
5,4.4972534
5,4.1938066
0,1.4705585
6,5.28823
3,3.2506745
2,1.5346612
2,2.238327
2,1.940035
2,1.5861739
1,0.90888953
2,1.4412351
2,1.8474578
0,0.4465785
5,3.1240227
2,1.9955053
1,1.0255715
0,0.12116157
2,1.8223879
1,1.1519748
7,5.08544
7,4.656672
3,2.5201473
5,3.849046
4,2.5319948
7,5.221525
13,11.00952
5,3.7306108
7,6.221159
2,1.3829488
2,2.5193167
-5,-2.0778735
3,2.5410628
1,1.4844744
-1,0.9641093
3,1.8678424
3,3.0273309
2,1.9248458
3,2.6187263
6,4.065917
2,1.1037482
8,7.0563116
1,0.20689784
1,0.03502666
10,8.649572
4,2.345433
0,-0.01885868
0,0.19377135
4,3.5139804
2,1.5162656
5,4.8624945
1,1.3516811
2,1.4227484
3,2.696764
4,3.4335647
5,3.6257377
3,2.9403434
4,3.362992
5,5.0168934
4,3.1109874
8,5.5385
5,3.1483018
4,3.1099198
2,0.9451369
2,1.6808724
1,0.6530833
11,9.667206
5,3.262723
3,2.1079493
2,1.7565846
5,3.6231017
2,1.8415327
7,5.20322
6,5.18445
3,2.37211
5,4.656166
2,1.958013
2,2.5466053
1,1.052317
11,9.730005
2,1.2124804
2,2.4582071
2,1.5833582
2,2.2085454
3,1.9552901
2,1.4701368
8,7.5141706
3,2.9203343
3,2.3557415
2,1.1718696
4,2.706042
2,2.301791
6,4.618839
2,1.5297585
4,2.9350066
10,8.960523
-1,-0.26117575
3,2.306358
3,2.366929
2,1.2807721
2,1.2870436
1,0.59262395
1,1.1420568
2,1.1052594
1,0.7510936
1,0.6711774
1,0.9114382
8,7.1608906
9,8.160453
-1,0.109892
2,3.5892768
4,4.0688515
6,6.266922
3,3.4691167
2,2.8817263
5,4.3955894
8,9.371544
2,2.9583347
8,7.068174
6,6.2908845
4,5.101619
0,0.19027375
1,0.5987569
2,1.3147664
2,1.1212693
3,1.7241553
2,0.7603191
1,0.54170513
2,1.3380493
1,0.7156191
1,0.65715134
1,0.8194531
2,1.1178862
2,1.6842115
2,1.730116
3,1.7648591
1,0.6959499
1,0.6789092
1,0.8392583
0,0.5478308
3,2.4187167
3,1.9817417
2,1.2385709
2,1.4831792
2,1.7744802
7,5.5991535
5,3.6341264
3,2.0284503
4,2.9923282
4,4.230255
7,5.263097
4,3.654754
1,0.9282621
4,3.243116
9,8.468273
2,1.2897384
1,0.7476474
1,0.82664454
3,2.1356263
3,2.522081
2,1.4312464
2,1.6799104
2,1.6251985
2,1.853481
1,0.23168217
1,0.39908051
3,2.11208
4,1.9878947
2,1.2239554
2,1.9833254
3,3.0471275
7,5.7863245
6,4.2622027
13,11.518212
2,1.8808055
4,3.8385737
6,4.4938745
7,4.9578958
-9,-4.809912
3,1.8185629
3,2.9625432
3,2.3007898
6,4.8922644
4,3.0682902
2,2.129088
1,0.8766488
7,7.586374
5,4.0606956
5,4.705421
5,3.7988386
4,3.0973697
2,2.5310695
1,1.6884562
4,2.9732673
3,3.1114979
4,3.513005
3,2.692797
4,3.5742118
3,2.8293993
2,0.79404974
0,-0.5887004
2,0.8012178
3,2.2708993
-5,-2.3020253
4,2.7695613
3,2.027111
12,10.372046
4,2.1599226
2,1.7197566
4,2.7561715
8,4.7551475
8,6.8881407
2,0.84758866
2,1.9288018
1,1.1072971
1,0.3956188
0,0.017390242
0,-0.17573287
1,0.66414964
0,-0.094264515
5,3.9514518
10,9.723836
6,4.6737003
4,3.346193
6,4.530365
3,2.869811
5,4.4645104
4,4.1093636
9,7.222474
7,5.7290497
5,4.5041637
9,9.102904
4,4.0219507
5,4.255486
4,3.564617
4,2.0166264
4,2.679229
5,3.2875648
4,2.623393
5,3.3925345
1,0.54751265
9,7.293626
5,3.3257723
5,3.6291838
5,3.9485176
5,3.179278
1,1.5710422
3,2.3358326
5,3.27868
3,1.7644858
5,3.0541868
3,2.6283748
1,0.9615871
4,3.4684024
3,2.6098413
6,4.53512
4,3.3398366
3,2.4953163
3,2.9994035
2,2.1840544
4,5.562869
2,2.2977014
5,4.108315
2,1.9481403
2,1.959827
1,1.7240387
5,3.9731002
1,1.6135156
1,1.5278058
3,2.662775
5,3.9169674
3,2.1689162
2,2.4901264
3,2.2534854
5,3.7290964
4,3.1591544
4,3.4075322
2,1.5047405
2,1.9964707
4,2.9764366
1,0.31859827
4,2.996642
4,3.6897116
3,2.4457817
0,0.10880839
2,1.1169145
3,2.0086002
1,0.527946
2,1.1563164
1,0.61120343
2,1.5602121
1,0.6168289
2,1.6872064
2,2.2911801
2,2.0091834
4,3.4929316
0,-0.62683296
1,-0.1383412
2,1.5642477
4,2.7454238
2,2.0679908
6,4.048477
2,1.3502587
1,1.2906793
5,3.559152
5,3.3372812
2,1.7376888
5,3.5666757
4,2.9549758
4,3.4487941
0,0.5607761
0,0.5012685
-1,-0.6441027
2,1.1864498
2,1.1782308
-1,-0.0069642165
2,1.6146191
3,2.019578
3,2.5411582
5,3.597685
7,5.722153
3,2.1717858
4,2.7408085
3,2.1883883
5,3.4304643
3,2.3440313
3,2.1110876
3,2.286376
4,3.645051
1,1.0787971
3,1.763635
3,2.1762881
2,0.71955645
2,0.66871965
0,-0.3639511
0,0.48457074
5,3.8004322
2,1.1814395
4,3.444707
16,15.171987
2,1.3809018
2,1.2008582
2,1.8165988
-9,-4.6163955
7,6.9287148
3,2.890936
1,1.3792871
1,1.0895491
5,4.4477825
10,10.016076
3,2.440473
3,3.3455868
5,5.034129
10,9.00366
5,5.3843575
6,6.9829745
6,6.9357734
2,3.7269845
5,6.0396595
3,3.7738926
2,2.2352145
2,0.7175945
2,0.70971215
2,0.8263788
1,0.22707556
0,-0.11608601
2,1.2548488
3,2.2614114
1,0.8618604
3,2.0539389
3,1.9259948
1,0.9121709
6,5.324057
5,3.2742171
1,1.0541759
6,3.6517575
5,4.4313726
1,0.39782226
2,0.51474404
4,3.2827718
8,8.165373
2,2.0096662
7,7.6003547
3,3.0161364
17,16.877321
1,1.8587378
4,3.6175857
2,1.7395753
2,2.25099
3,2.5181274
3,2.7655382
8,8.025203
3,3.09589
5,5.1069336
11,9.427393
2,2.01333
3,2.945389
2,2.9516835
2,1.2213925
4,3.8685703
4,3.1634462
4,3.6963816
2,2.0376942
3,2.8539755
3,1.9184662
1,0.94844604
1,1.2687942
6,4.313625
5,4.1958866
4,5.7638407
20,20.88587
7,6.1854663
5,4.0159163
11,9.7307005
2,2.4646008
5,3.716044
4,3.7953935
1,1.4196583
4,3.4055367
2,2.3392406
4,3.9738066
3,3.119859
2,1.8834227
7,5.0932074
0,0.27641392
2,1.742801
6,4.8731384
3,2.733007
2,1.5015081
3,1.8789141
2,1.9542863
0,-0.020561108
2,1.7166556
12,10.03142
2,1.562068
2,0.84407485
0,-0.28830993
0,-0.4953121
0,-0.36517322
1,0.27800298
0,-0.3326615
0,-0.04650749
4,2.2114925
2,1.3480626
6,3.814835
3,1.844628
2,1.582796
5,3.332506
4,2.9317732
2,1.2845794
2,1.8044945
3,2.640831
1,1.3439578
5,3.6355247
4,3.0542572
5,3.4879107
2,2.2208924
2,1.6131364
2,1.6139344
3,1.4970231
2,1.0485427
2,0.6589047
-9,-5.0293446
2,1.3459343
1,0.23904286
-1,-0.32523525
8,7.297393
8,7.4228916
2,1.4714835
2,2.2557983
8,5.7761545
1,1.3451025
4,3.7253942
11,10.3907
9,8.481872
6,3.9650588
12,10.341798
3,2.1715224
2,1.4730488
3,2.1568785
0,0.4067148
2,1.7737424
2,1.5290279
5,4.745207
5,4.1962643
4,3.8363614
3,2.7190776
3,2.6554937
3,4.0544834
3,2.6599483
3,2.5321589
2,1.410772
3,2.7946677
3,2.9697282
3,2.0152793
2,1.809869
1,1.237235
3,2.0017846
3,2.1004248
3,2.9290447
2,1.650808
2,1.8665032
1,1.0784049
3,2.4225473
2,3.3819246
4,4.644196
8,7.959799
2,2.9693384
2,2.6209888
2,2.6209006
2,3.063188
4,3.9407358
2,2.3054454
3,3.1512706
2,2.1368408
7,8.203163
7,6.11483
3,2.7058272
4,2.315246
3,2.0921402
1,0.0868473
2,1.1661942
3,1.7530477
-7,-4.1782136
2,1.1707917
2,1.7300457
3,2.0649319
0,0.18056141
0,0.83149254
2,1.5526618
3,2.8421464
10,8.954204
4,2.4977674
1,1.1533935
10,8.71658
3,2.2204227
1,0.6921402
1,1.3515648
3,2.651914
2,1.3623506
2,1.5345017
3,2.405177
4,3.6711931
4,2.787547
-6,-2.558814
6,4.4684615
2,1.7786953
7,5.317631
3,2.6221352
5,4.0407734
3,2.931116
3,2.3769155
6,4.8029737
3,2.4269342
2,1.9149345
4,3.2012494
3,2.7500854
3,2.7535768
2,1.8539586
5,3.497972
6,4.385764
5,3.6669266
5,4.6288843
5,3.7966118
4,3.0914667
2,1.5288742
2,1.5187556
2,1.3378054
1,0.056882013
1,-0.03616477
0,-0.03396667
2,1.1088904
1,0.7413044
2,1.5990385
0,0.412135
0,0.016538253
2,1.3319813
1,0.7062725
20,20.366411
8,7.4974346
9,8.441442
2,2.5141869
5,3.8224351
1,0.7867061
1,0.7556858
2,1.287469
4,3.727135
2,1.9814739
10,8.435333
2,1.5641295
1,0.89722466
2,1.891083
7,6.946964
2,1.9376496
3,2.6214511
4,3.1107101
2,2.0490828
-1,0.5466455
2,1.4017636
2,2.048038
2,2.3694785
3,2.827795
3,2.759606
4,3.4108086
2,1.2103754
3,2.1363869
3,2.6416674
5,3.6677618
10,9.362296
2,2.4422326
5,3.8119059
4,3.2384472
2,2.1766286
3,2.7678075
4,4.081978
5,3.8045685
4,3.0036972
4,3.064447
4,2.453661
4,2.9983573
6,3.6597402
4,2.7254324
3,1.8665868
4,3.051097
10,8.790442
5,4.0422025
5,3.663415
5,3.3036594
0,-0.11494983
3,3.4283288
5,4.4432964
9,8.176993
4,2.8017473
2,1.6781284
3,2.601368
2,1.988479
2,1.5984869
0,0.33004487
10,7.716758
1,0.6984613
9,7.8984003
2,0.9521699
2,1.3713835
4,3.0458171
9,9.387796
6,4.8217535
3,3.4511395
3,3.179913
9,9.542448
3,2.6542397
4,3.0652416
3,3.7525294
4,3.6450315
4,3.4362903
4,3.8918433
3,2.749867
4,5.2886624
5,3.9020586
2,2.0179024
3,2.0189033
6,5.0437827
1,1.4704815
3,2.600891
5,4.1570683
3,2.751544
3,2.2210283
2,1.5798684
10,9.596512
0,1.0388697
7,5.7611995
3,3.3764503
7,5.846735
0,0.5426347
6,4.4325905
4,3.0750084
2,1.7728384
0,0.38447917
6,5.84021
0,0.6586324
1,0.8063135
0,0.30781925
3,2.6059432
2,2.3152947
5,4.1401467
1,1.5834485
2,2.1624434
3,2.5411277
1,0.84099245
2,1.3219589
1,0.70983183
9,7.87448
3,2.4188786
6,7.047554
5,4.152243
1,1.3626188
5,4.1369867
2,1.6088942
6,4.3936024
4,2.8187199
1,1.0505399
5,3.5813255
6,4.8880816
3,3.3025932
5,4.1741867
5,3.9950206
6,4.951025
2,2.6819744
-1,0.65303266
5,4.257095
4,3.3497672
6,4.9118414
3,2.9515705
2,2.258615
5,4.055083
4,3.1324925
1,0.9335724
4,3.4695044
2,2.998104
1,1.0151447
1,1.2041892
6,4.3534155
2,1.6683071
2,2.6092105
4,3.6081963
2,2.0431335
3,3.0654483
2,2.2165942
3,3.2892418
5,3.8989344
0,0.13837574
2,1.8395302
3,2.5406716
3,3.0406063
2,1.8117285
12,10.012906
2,0.48863614
3,2.5245802
11,9.687584
2,1.5829637
9,8.529392
5,4.2794647
4,3.1125884
3,2.793778
3,2.0094304
-2,-0.9171766
3,1.7568704
3,1.7955955
10,8.516198
1,0.46306288
3,2.1151347
1,0.8363724
3,2.540883
0,0.9393538
3,1.4987553
3,2.059464
2,0.8802328
1,0.2824434
2,1.0460652
3,2.5095234
3,2.6365747
10,8.133511
5,3.448748
6,5.2625103
4,2.8428576
4,2.939466
2,2.326127
4,3.360459
2,1.7848331
4,3.4992528
3,1.7084551
1,0.65972877
3,2.3815944
5,3.2799451
4,2.7843418
4,2.9499807
5,3.813038
3,2.5092125
7,5.606928
-7,-3.2674537
3,2.8047109
6,4.5907197
-1,0.4755355
3,2.65416
4,3.3146224
4,3.8381362
5,3.8286934
4,3.3115897
2,2.5131607
3,2.8598127
3,2.7809482
5,3.8889763
0,1.3161826
3,2.3791199
1,0.46742332
3,2.4862604
2,2.3469818
2,1.9000157
3,2.4160256
6,4.386677
2,1.7486513
4,2.7862284
0,0.15093742
3,2.770884
3,2.7550988
1,0.72765124
2,1.4471338
0,0.02802991
2,1.6734333
2,1.3808252
0,0.14527486
2,1.748993
1,0.69716907
2,2.2647867
5,3.9836285
3,2.5676346
5,3.7429047
3,2.0030112
4,3.070538
0,0.41776133
2,1.5723664
4,2.8982782
4,3.0655038
1,1.7071444
5,3.7380428
-1,0.43811667
4,2.9186456
3,2.6819448
3,2.0603924
2,1.3582591
3,1.9761913
3,2.6216912
4,2.6985183
0,0.14038049
2,1.572141
3,2.602698
2,1.7729809
2,1.2512261
6,4.6617856
2,1.8128685
4,3.0629406
6,4.5699806
4,3.5822961
2,1.2459824
6,4.0122695
1,0.40735126
10,7.8161473
1,0.77089834
4,2.716405
2,0.81100154
4,2.9791791
2,1.1674272
3,1.8757036
1,0.7498137
1,0.76985645
1,0.15091477
3,1.2294432
0,-0.247965
3,2.9763942
2,2.6894078
5,5.2582407
-2,-0.55953515
9,8.120473
5,5.522321
1,2.3389835
11,10.750855
1,3.1171594
9,7.9701304
6,5.6162386
2,3.4101841
4,5.0565033
10,8.791738
3,3.759269
1,1.1941134
9,8.560866
8,6.728507
3,4.0660415
11,10.775088
10,9.664981
11,9.988124
3,2.9435933
6,5.537772
4,3.8917065
6,5.7022033
12,11.2103815
2,2.4627678
10,9.370328
11,9.607337
2,1.2415067
2,1.5044848
3,2.0614908
1,1.3370209
2,1.4219581
4,3.159415
2,1.5372277
3,2.6923013
-1,-0.1275611
2,1.9130106
2,1.3156594
1,0.38202167
4,3.6803756
3,2.087717
2,1.1376345
3,2.1959853
0,0.09828102
2,1.112128
0,0.04116117
1,0.533702
0,0.22535466
3,2.7085965
3,2.1874995
3,2.8213663
6,4.259603
2,2.1858172
1,1.6221342
2,2.2596955
3,3.8353403
3,2.808214
2,2.0471432
4,3.2320654
2,1.6337473
4,3.1033144
3,1.5200633
3,2.3750262
11,9.09257
6,4.3051934
5,3.5307717
6,4.9428005
5,4.1370935
8,5.4625616
4,3.2709448
3,2.461186
6,4.192142
5,3.9102383
9,9.581964
3,2.158135
2,1.0095052
2,1.4271992
2,1.6607999
2,2.0210333
10,8.732704
2,1.9326681
2,2.2346826
3,2.1356857
4,3.4423351
5,5.1467314
2,2.5423238
3,3.1792045
5,4.7908115
4,3.4023297
2,2.1750083
2,1.8303647
3,3.403107
7,5.2285814
3,2.58232
5,4.006486
2,2.353267
4,3.3117378
0,2.0701191
2,2.0566103
6,5.262788
5,4.110965
4,3.222473
4,3.815631
5,4.063616
3,2.9724512
0,-0.40851653
2,1.2437342
0,-0.03568114
2,0.7369677
3,2.902884
4,3.572986
1,0.93202364
5,3.5015304
6,4.511097
0,0.35672987
1,1.3340758
3,3.6964557
3,3.2697327
5,4.419202
2,1.8365693
4,3.965449
2,1.9282612
5,4.6880255
-1,1.3864568
4,3.6627917
6,5.8880267
3,2.3376172
3,3.1309574
6,5.5912857
3,2.3517816
0,0.8597866
9,7.201417
4,3.498055
3,3.039176
4,3.7964883
6,5.427827
2,1.6231198
5,3.4474275
7,6.1026216
5,4.740901
4,2.8331394
4,2.71202
4,2.9310179
4,3.0996604
2,2.4381733
2,2.7343805
3,3.2192864
3,3.035314
3,2.841075
2,2.4966602
3,3.027363
5,5.064289
4,5.0648403
3,2.927588
2,2.269465
2,2.5263183
3,3.705738
3,1.4272934
3,1.6355076
2,1.00266
2,0.9141712
1,0.35331154
4,3.32056
0,0.08713376
2,1.0478171
3,2.3612175
0,0.6638857
4,3.4751506
9,9.062545
7,6.835059
9,8.000493
8,8.198911
1,1.2514211
3,2.2395828
1,0.9857739
2,1.5270807
13,12.3402815
5,6.386619
6,4.0091105
3,2.6213603
0,0.78092
3,2.4208784
5,4.0450253
2,1.0321742
2,2.2430658
3,2.6095757
4,3.3727846
4,3.1209497
4,2.9449196
-8,-3.7874615
2,1.8288983
3,2.7745686
14,14.769097
3,2.3596456
3,2.364495
5,5.378998
2,1.9869585
2,1.4655335
5,4.0139985
-1,0.39915645
4,3.2080855
0,-0.08883024
3,1.9553033
1,0.41976368
1,0.5829822
1,0.60632193
8,7.4784503
10,7.9006767
1,0.6630895
3,2.1850705
3,1.7286488
3,2.8191404
6,4.5089607
2,2.2802377
1,1.5093768
5,3.9183357
3,2.4040084
3,2.0410838
-1,0.6385248
2,2.318582
2,2.3874161
5,3.8174124
0,0.8179903
3,3.0174785
5,4.279919
7,6.181902
6,4.246126
5,3.8934805
5,4.167919
7,6.1185045
4,2.9712393
6,4.938361
11,11.574123
7,4.8330812
4,3.6420388
13,10.814414
4,3.1602798
4,3.1989946
1,0.17564248
1,0.5923945
8,7.1212196
3,1.729614
2,1.1550013
2,0.8936256
0,-0.06638361
1,0.78626955
1,0.32189667
3,1.835561
3,1.3307992
3,1.6395948
5,3.97944
-6,-2.7150984
0,-0.0394112
5,3.513958
3,2.1413407
6,3.5395412
2,0.37511075
8,7.074663
3,2.7285094
-6,-2.565417
5,3.0078082
4,3.1115718
2,1.9297159
4,2.6668088
2,1.8683836
8,7.1908884
2,1.5964527
1,1.3536781
3,2.1388288
3,2.2065861
1,1.0059259
1,1.3848586
2,2.467039
3,1.9241942
1,0.45109475
3,1.5019789
2,1.2064962
3,2.7108164
3,1.7844748
1,0.65310466
1,1.4167818
3,2.0975223
3,1.9126245
2,1.20673
2,1.1178876
6,3.8924108
5,3.3995476
2,1.1573193
1,0.45143378
3,1.7934203
3,1.9320275
2,1.0413326
-1,-0.5272397
8,4.96535
5,3.7687774
10,9.485181
8,6.34009
2,1.9558171
6,4.497188
5,4.0312424
7,6.4202166
4,3.1557918
6,5.2212505
14,12.531283
7,5.6305094
8,5.813099
5,4.164786
2,1.850393
3,1.9581468
5,4.826357
3,2.0748336
9,7.026684
4,3.7865891
9,9.577872
1,1.0372624
7,6.0822325
3,2.4530013
4,5.0812345
5,4.5052347
3,2.8817117
7,6.513433
5,4.692505
9,8.20435
1,0.8075259
4,3.1946259
0,0.31324685
-1,-0.24345054
4,3.427577
0,0.289703
2,1.804695
2,1.5523916
1,0.9542426
2,1.7763158
2,1.8079547
3,2.3668158
2,1.2785391
5,4.195043
2,1.1941093
2,1.4292387
6,4.325262
2,1.4568139
8,5.664697
3,2.9271626
4,2.8258038
5,5.5050564
5,3.413706
2,1.6502063
2,1.1500084
6,5.09954
1,0.5680946
3,1.3167057
2,1.5772158
2,1.486636
4,4.8089495
1,0.31191576
1,0.38644063
1,1.6365247
8,5.802166
5,4.41613
6,4.363028
4,3.0637045
5,4.1111135
2,0.81846046
3,1.549424
3,1.4118637
2,1.0659171
0,-0.034355175
3,1.927997
2,0.91787636
0,-0.017980466
5,3.8308358
1,0.6907414
2,2.1505861
2,1.5670601
2,1.6850109
2,1.6414722
6,4.989773
2,1.6205884
2,2.0594096
6,4.264759
4,3.2116442
12,10.994114
1,1.270601
2,0.9366983
2,1.4861463
2,1.2081426
1,0.5098729
0,-0.06661642
2,1.580321
4,3.0048175
5,3.6282735
1,1.4755913
2,2.3348174
2,2.3919299
1,1.7485913
4,3.3526332
3,2.9427605
6,5.025319
1,1.6734698
6,5.1316624
2,2.384387
2,1.1118366
3,2.0187242
4,2.9066536
2,1.824148
11,9.509713
1,1.607397
8,6.684065
2,1.2030386
1,0.71497726
2,1.6227634
2,0.97526896
2,1.5652323
2,0.8299049
4,4.6729827
1,1.5262568
6,5.6905737
3,2.9171588
1,0.8414736
10,9.509245
5,4.1849737
5,3.5924697
3,2.6892672
4,3.3356237
3,3.429769
4,2.9805288
2,2.1835515
3,2.1438296
2,1.5328302
2,1.456463
5,3.50384
2,1.8217056
1,0.5365709
5,4.552161
3,2.4363766
4,3.0388107
1,0.9895419
2,1.65767
4,3.2159264
2,2.2600875
2,1.0205983
1,0.59037375
3,1.6282722
1,0.51582015
2,1.2298673
2,1.1428663
3,2.1577806
0,0.05672585
5,3.2731729
2,2.1278374
3,2.4430318
5,4.3774867
12,10.926084
6,7.2829633
11,11.160583
10,10.358821
6,5.83109
5,4.5320354
5,4.6356325
4,3.050316
2,2.392924
3,2.7886674
9,8.9050455
0,1.0231458
8,8.216463
2,2.184675
1,1.1495774
11,9.180945
1,1.2680837
1,0.98038876
11,10.968251
3,2.7489057
2,2.4124951
5,6.835187
-1,0.20222889
4,3.1307697
4,3.023179
5,3.0333114
-2,-1.0178155
7,4.4526925
2,1.1503896
5,3.284886
2,1.9566152
4,3.5769598
5,4.293769
4,3.6541033
4,3.3932247
12,10.833072
11,9.229188
6,4.983872
5,4.216127
5,4.106908
6,4.707109
3,2.124901
0,0.68591225
5,4.0113482
2,2.1904595
4,3.320441
6,4.5259094
0,0.77875364
4,3.2800279
2,1.6201137
10,9.843421
2,1.8994772
10,9.357491
4,3.079082
5,4.2847524
4,3.2286801
3,3.2505536
6,6.994922
-1,0.006035914
0,1.1004314
3,2.5958524
2,1.3339734
6,6.8238497
9,8.244769
1,1.264803
1,0.95269346
7,6.9332247
1,1.4839166
8,8.633946
1,1.1392659
1,1.031784
1,0.7738359
3,3.5517976
8,8.842643
9,9.35161
2,1.9217386
7,8.625073
10,10.575971
7,6.584403
1,1.0604934
1,1.2587707
4,3.743957
1,1.1349319
2,2.2232404
2,1.943231
3,1.9090776
2,1.7069191
0,-0.17972447
10,8.451253
5,2.7486873
2,1.378575
0,-0.11216999
6,6.3132544
1,0.06879675
2,0.7544106
3,1.4684813
2,1.6087705
1,1.3922925
2,1.9872334
5,5.299576
2,2.03083
2,2.4649024
8,7.7757363
9,7.885281
4,3.2460952
3,2.1411378
1,1.0883858
3,2.4879265
1,0.8861046
0,0.2427182
6,4.286067
2,1.943591
1,-0.0023076632
0,-0.5524595
1,0.44887972
3,2.6034265
5,3.7545397
3,2.607864
3,3.2517035
-4,-1.3559272
3,2.6671362
4,3.2212543
4,2.9501987
5,3.8565543
6,4.083975
5,4.13554
4,3.1785553
5,3.7266197
3,1.9178642
2,1.6128377
3,2.0043712
0,0.76870143
0,0.23938225
-1,-0.032804262
4,3.8563035
0,0.1936147
0,0.30098045
1,0.46464574
4,3.523206
9,8.12087
9,8.455035
4,3.5842319
5,3.9775257
1,1.2161072
7,6.2384505
2,1.4466522
2,1.2407831
3,2.9479566
10,8.85701
2,1.8755482
2,1.2547538
9,7.7519917
0,0.10800456
3,2.250392
8,8.439939
5,3.4758637
3,2.4901152
6,5.3045244
2,1.3274206
3,3.036545
7,6.117865
5,3.763575
0,0.93526006
3,3.6639109
5,3.8337579
2,1.8808447
3,2.268972
7,5.8499236
0,-0.4791566
-1,-0.9288057
2,0.54913855
2,0.9066987
1,-0.18387426
0,-0.47364426
1,0.4372276
1,0.17318438
3,2.1253486
2,2.0263271
11,9.411693
4,3.810073
4,4.155695
-2,-1.3727269
3,2.837583
6,5.663161
6,4.229524
5,4.827542
6,4.6434193
3,3.4447935
5,4.064678
5,4.4321814
3,2.580337
1,1.6419308
2,1.9722351
1,1.4635501
3,2.481939
1,1.8573586
2,2.2808223
0,1.1521769
0,0.64203346
2,2.343119
2,1.8624761
1,1.766181
3,4.593649
1,1.2844373
0,-0.012706886
2,1.5621985
4,2.0503626
4,3.0853877
4,2.487195
2,1.7323991
3,1.9492872
-1,-0.1546432
4,2.9402628
4,2.5058188
4,2.8002563
4,2.8744717
3,2.4042294
2,1.7088792
4,3.4224038
6,3.8211377
3,1.3912547
3,2.0831237
2,1.2493716
0,0.56686914
5,4.053006
3,3.197843
4,2.7611253
5,3.931315
1,1.1620568
4,3.0793004
2,1.817281
12,10.41355
4,3.4120424
2,1.4817166
4,3.342025
0,-0.4286257
2,0.9685459
2,1.4491426
1,0.78814316
3,2.4479966
2,1.8196837
2,1.578449
3,1.761659
5,2.9252744
12,10.010862
5,2.856059
0,0.25091434
0,-0.40545917
4,2.2504425
4,2.383634
4,2.9252844
4,3.2661657
6,4.8914223
7,4.9519434
8,5.9849973
2,1.7400385
6,4.0779557
5,3.3609467
1,0.93984663
3,1.4842372
1,0.60237896
0,0.30183578
4,3.2503257
4,3.059709
-1,-0.6177083
3,2.0821605
2,1.367595
1,0.730286
5,3.0945048
3,2.167016
16,12.523816
13,12.305831
2,2.3612783
7,5.613963
2,2.8111515
6,4.875668
2,1.7407588
0,0.70628226
4,3.8001873
2,2.574969
3,2.640851
2,2.4026866
5,3.9067547
7,5.637621
5,4.0389633
4,3.0927997
2,2.6658516
2,1.56701
14,10.973201
4,3.8605647
6,4.6337776
1,1.5792669
2,1.7642394
1,-0.05878533
1,-0.017767558
2,0.8495475
1,0.12687431
3,1.2271341
1,0.45705914
7,5.023449
4,2.8557749
2,1.9940752
3,2.354727
4,3.7185497
7,7.917849
5,3.8892708
2,1.9161311
3,2.6795955
4,4.2675548
0,0.46447384
5,4.167971
3,2.9516642
3,2.9581585
1,-0.016170392
2,1.0641001
2,0.71153533
1,0.17994545
3,2.260417
2,1.9139758
3,1.7153925
2,1.3419607
2,1.2697824
-2,-0.3947823
2,1.7233602
0,0.23759018
3,1.9709799
2,1.2951082
3,2.7231932
2,2.0418308
4,3.1203985
3,2.2991815
3,2.381556
2,1.8367172
10,7.66757
1,1.5078157
10,9.29291
5,3.8767526
5,5.255391
3,2.109549
5,3.9650612
3,2.574173
1,1.3426856
0,1.167838
2,1.8657159
2,1.9472929
4,3.8535986
5,4.3765545
10,9.350169
3,3.6420217
5,4.2853346
8,6.821086
9,8.145982
7,6.0337095
13,11.776593
10,9.476087
7,6.358471
11,10.130921
5,4.759259
5,5.316307
8,7.448468
2,1.2826324
4,2.4757423
7,6.474882
-9,-4.8562584
5,3.1330266
3,1.9978054
2,0.75892425
0,0.06644439
5,2.996735
4,2.7219648
4,2.4224572
0,-0.36361444
0,-0.23091115
4,2.0110338
2,0.71066177
2,1.19692
2,1.2515625
2,2.4021757
0,-0.30368257
3,2.467183
9,9.365834
4,3.5825253
0,1.1780012
10,9.042066
2,2.1504252
9,8.058587
8,8.424285
15,15.192862
11,11.826486
9,9.777844
6,5.4882
2,2.6113725
1,0.46154833
0,-0.10853947
2,1.0052953
1,0.3994913
2,1.1079603
5,3.917274
13,13.700858
2,2.0993
1,1.0914763
1,1.4742146
1,1.5372446
2,2.2744284
3,1.9703962
0,0.22363637
2,1.4751403
2,1.335436
1,0.8530425
3,2.5637982
0,0.17492436
4,2.6501644
4,3.0177243
1,0.7582097
1,0.8195213
2,0.8586595
0,0.3488078
1,0.891461
3,1.9263276
5,3.4138153
1,0.89774823
1,0.90848505
2,1.4580917
1,0.803934
1,0.54348004
11,8.545127
1,0.52855706
0,-0.16094245
0,-0.08856738
1,-0.038372528
1,0.12578712
5,3.7825172
2,1.442114
2,1.4547302
2,1.5920715
1,0.7491323
3,1.551103
3,1.6133832
3,1.6597207
2,1.173952
2,1.8223938
3,2.637064
2,1.6585081
2,2.5411716
2,1.5093864
2,1.3592626
4,3.1717114
4,2.912328
2,1.9858532
3,1.9676801
3,2.414976
-1,-1.5495683
2,1.4633114
3,1.8235043
3,2.1710777
2,1.3152499
2,1.2703089
2,1.3970555
6,4.9245825
1,0.6990489
4,2.4687674
3,2.1693602
3,1.7914752
2,2.020196
2,1.3795412
2,1.787038
1,0.77755165
2,1.9107788
2,1.7725765
1,1.157368
3,3.178257
6,4.975212
1,1.4077592
5,3.8189921
4,3.737493
2,1.8814517
4,3.8520334
2,2.5892112
5,3.7954051
3,3.1744676
9,6.222171
0,1.4876595
3,2.6815262
5,3.901624
2,2.5094254
5,3.843453
7,5.247058
6,5.1056814
3,2.8565137
12,10.493554
5,4.413678
2,2.2449684
1,0.38362074
0,0.5947931
0,0.022377005
1,1.3632205
1,2.0188954
1,0.9224441
2,1.6433364
6,3.8461132
7,6.216223
8,6.3316503
6,4.3339386
11,9.664447
5,4.1059384
10,9.200177
7,5.811547
5,3.6624498
0,0.07350337
2,1.6404642
2,1.4470665
5,3.9635506
2,1.7016674
6,5.1573105
-5,-1.9900013
6,4.8428288
6,4.251874
1,0.92530537
1,0.6980953
4,3.286563
2,1.5927738
1,-0.15897574
1,0.14357434
-8,-3.1160598
1,0.4789344
10,8.604119
6,3.1057477
10,9.88767
4,2.5975924
2,1.8894
2,1.6452258
2,1.3103693
4,2.9574013
6,5.2220345
1,0.17976962
1,0.59485734
2,0.6086577
0,-0.36086822
1,1.5415475
0,1.8739719
8,8.878854
7,8.789033
11,11.585412
15,14.227147
4,2.579617
2,1.5738175
1,0.7989619
0,0.5147188
14,14.063319
2,1.8267019
1,1.3072933
1,0.14677332
9,8.486859
2,1.069289
2,1.1562117
2,1.0292889
1,0.6484672
1,0.7705699
3,3.7962613
6,5.967737
2,2.3305788
2,3.3545146
10,8.832463
0,1.7930101
4,3.7797987
4,4.453087
3,3.5014243
6,7.7967796
3,3.1447005
2,2.7319593
2,2.356315
5,4.6414495
5,4.990138
2,1.5908047
1,0.59351003
6,4.739775
10,8.970708
6,4.2371893
4,2.802009
4,3.265853
8,6.437763
5,4.42774
2,1.7977176
2,1.4493154
2,1.1821018
4,2.684887
7,4.9953504
0,-0.64723504
1,-0.035751116
13,10.919645
2,1.5399536
3,2.5613277
1,1.0716418
9,8.493112
0,1.4623145
6,5.0821314
5,4.666709
0,0.9887191
2,1.9879868
-2,-0.41879535
0,-0.5735142
3,1.6015716
2,0.76379156
0,0.0018780133
3,1.2947695
2,0.67121637
1,0.6482812
12,10.101081
2,1.9088379
2,1.3732342
16,15.49163
5,3.3167715
2,1.5030004
1,1.2289466
2,1.4406381
1,1.1079717
4,3.4020047
1,0.32469904
2,1.9119947
2,1.469081
3,1.3645546
0,-0.6474922
2,0.9009428
6,4.120427
6,4.6288147
3,2.6161726
5,3.443116
5,3.2446313
1,2.2644088
5,3.5329752
4,2.731091
3,2.7198029
3,2.4323435
3,2.5325532
2,2.118759
3,2.7848983
2,2.4954567
2,2.2822714
4,3.1386895
3,1.8202252
6,3.7549896
1,1.1225337
-2,-1.9142975
2,0.9710797
2,1.5729656
0,0.71687746
2,1.630377
11,9.626992
2,1.3922781
8,7.7910943
10,8.449088
2,1.9152461
1,1.2588797
-7,-3.4641576
9,8.059075
9,8.373004
3,2.595028
9,8.246726
2,1.3134371
6,4.5084515
2,1.4395612
3,2.2773817
2,1.9943868
5,3.39702
2,1.9531051
2,1.5649973
2,1.7722542
2,1.0108104
2,1.1609312
1,0.29509902
7,5.1713142
2,1.9911116
6,4.4078
1,0.38931096
5,3.2972493
1,-0.13481893
1,0.5333619
5,3.2290704
6,3.7579799
3,2.5284464
2,2.011642
6,4.8311405
5,4.5051455
1,1.0167941
0,0.6544733
1,1.1910871
4,3.1839452
12,11.654632
4,3.297419
1,1.2307202
2,1.9838682
3,2.3356476
1,0.050813306
1,0.104794614
1,0.13085936
4,2.8773174
5,3.8281326
2,2.0202365
4,3.1723156
4,3.957676
2,1.9192677
1,1.3132255
2,1.2245985
3,2.065057
1,1.1747322
-1,-0.014708172
1,0.8203589
1,1.909313
2,2.0105977
1,1.6417018
3,3.4261494
8,8.092893
2,1.8343692
11,9.712184
1,1.4706249
7,6.35013
13,11.845784
6,4.920705
2,2.392061
2,2.4316182
8,8.664547
4,2.9619136
10,10.12987
2,1.7412027
-1,0.39993548
3,2.0150383
2,1.7857652
3,2.5209527
2,1.6000997
4,3.4663815
2,1.7810345
1,0.50960886
6,4.670705
1,0.6526971
2,1.3812089
1,0.70305145
2,1.2982635
-1,-0.19447626
2,1.46259
2,1.8449181
2,1.7126422
3,3.0070338
2,0.9725965
2,1.4938802
2,0.8052131
1,1.2833531
2,1.796297
9,7.089908
10,7.988328
1,1.2001048
3,1.6735235
6,5.322212
5,3.7836728
5,4.342987
0,0.60012126
7,5.5126348
2,1.8306111
14,13.338421
3,2.3033319
4,3.8126366
3,2.2919288
2,1.6913608
1,1.3329026
2,1.7139443
12,10.0689535
0,0.78299785
12,9.790182
10,8.637643
7,5.627718
9,8.754125
20,19.903929
4,3.2231543
3,2.5391865
12,11.610123
9,8.711068
3,2.695056
2,0.66504586
2,0.6911166
1,0.25521326
1,0.22301649
4,2.3805997
5,3.043827
10,6.6384797
4,3.2443662
5,3.2668285
2,1.2376813
5,4.054365
6,4.4657063
6,4.983428
-1,0.27134287
4,3.3787973
4,2.9311528
3,2.8699594
4,3.359274
4,3.669052
2,2.0399287
3,3.0449178
6,4.838168
4,3.39324
5,3.2956529
2,1.6486528
-1,-0.2631787
-1,-0.18860354
0,0.52078927
3,2.3071406
1,-0.06994987
-8,-3.4568017
1,1.6495847
3,2.9246888
4,3.7262645
7,5.691673
4,3.7057405
4,4.507966
1,0.8758576
3,3.1156454
5,4.3816733
3,3.236877
3,2.555759
4,2.682664
0,0.45352805
3,1.8618385
3,1.9595165
1,1.4109027
3,2.5536473
1,0.62996626
2,1.1878984
2,1.9280893
6,5.363116
5,4.171549
2,2.8085542
2,2.194357
10,9.194433
3,1.7627219
4,3.9277081
1,1.6302284
2,1.749675
10,8.977708
6,6.250444
12,10.487333
6,4.5320024
1,-0.23852862
2,0.6933783
2,0.77941144
3,2.063198
3,2.068654
1,0.29778337
1,1.1889777
3,2.417819
2,1.4865805
2,2.1964006
1,1.4545649
5,4.9878325
4,3.0658565
1,1.5754695
2,1.8447682
3,2.318316
6,4.1194925
2,1.6088952
3,1.8009714
2,1.1184053
3,2.0411963
-4,-1.6604239
4,3.0089855
6,4.36959
2,1.7272986
1,0.3881402
2,0.75235534
1,0.40111637
4,2.841663
1,1.1102875
9,8.624318
3,2.4114442
3,1.5794713
3,1.8749628
2,1.0800462
9,8.033933
5,3.9211566
4,3.4753222
3,3.3237824
13,10.9669485
11,10.56103
6,5.067108
1,1.3653318
4,3.7428238
5,3.87662
5,3.7679849
3,3.2824714
2,2.444296
1,1.512412
2,2.24819
3,1.8470405
2,1.8805562
2,1.0120546
1,0.78287613
3,1.5433391
3,2.4929051
0,0.020598164
2,1.4021685
0,0.059786785
5,4.4735327
4,3.1919188
2,2.114921
5,4.6766987
1,1.3748751
-2,-0.43867862
4,3.106503
1,1.4453932
1,0.95223176
2,1.8510481
2,2.049653
0,0.59489334
2,1.5825076
2,2.4910827
2,2.1926537
4,2.6399808
2,1.6485312
3,2.599413
4,2.7549796
2,1.8550597
2,1.411907
4,3.1025257
1,0.81516576
2,1.3745004
2,1.7773551
1,1.2656463
3,1.4612358
6,5.007375
12,9.232362
10,9.250566
0,-0.053613435
0,-0.27217615
7,5.857317
12,11.510206
18,15.727058
1,1.2867374
8,6.419671
1,0.95354533
0,0.37352145
1,0.9743148
4,3.6192997
5,5.8263226
3,3.301121
5,4.046161
2,3.0211906
7,7.5467176
1,1.6237798
2,1.3458017
2,2.365588
3,4.7284384
4,2.9140053
5,4.36905
3,1.7477323
2,1.1780874
6,4.0880947
9,7.689649
7,4.754695
4,2.6374846
10,9.095555
6,3.964682
5,3.855505
5,3.893207
5,3.01129
3,2.0494444
3,2.7649348
11,10.128356
6,4.435852
4,3.202422
4,3.6189537
8,6.7556887
2,2.0134351
1,1.6106753
3,2.9609551
1,1.2186633
3,3.2191467
4,3.6647835
3,2.7421255
1,1.2256473
3,2.5642657
2,2.2857528
4,3.3172922
2,2.6392212
1,0.7862178
2,0.9284849
1,1.041178
2,1.1757885
0,0.122038476
2,1.3176578
2,1.9499575
4,3.1860814
4,2.7794857
3,2.3856459
5,3.6411648
2,1.7263241
4,3.1149988
12,9.894172
3,2.8644261
6,4.740636
5,3.5427585
4,3.3581572
4,3.3343372
12,10.212236
2,2.055603
6,5.1793866
9,7.240487
2,1.0774742
3,1.8032932
2,1.05803
10,8.057609
1,0.40584838
5,3.6094246
3,2.5286498
1,0.8939656
2,1.5969285
2,2.5317032
13,10.915696
4,3.4633946
2,2.4684575
6,4.511343
2,2.959086
4,3.4126353
3,2.5059066
1,0.59670246
3,2.011896
2,2.0737505
3,2.1597428
2,2.3941193
4,4.418782
9,7.1187344
1,1.503592
7,5.9442043
6,4.734602
4,3.0364103
5,4.228918
6,4.539133
2,2.827105
3,3.3482785
3,2.6557994
4,2.3476577
2,0.7663677
2,0.94659317
3,3.2930717
3,3.0435944
5,5.064977
2,2.014584
3,2.32589
7,5.5357647
5,4.2727766
3,2.7693577
2,1.3920319
2,2.522461
5,4.1309466
3,3.0559225
3,2.2991333
3,3.1168633
6,5.9637384
6,5.0884614
5,5.385295
8,8.83434
5,4.9459906
8,9.360248
5,5.823846
4,4.544695
6,5.831217
5,5.067202
6,5.577688
8,6.5737944
8,8.923768
7,7.129175
3,1.9878349
5,3.6053772
5,3.5910666
6,5.4003015
5,3.8819509
1,1.402347
3,2.313115
2,2.1222525
0,0.9776095
4,2.879918
6,4.8841457
4,3.1541452
3,2.486323
6,5.2008047
2,2.343341
14,11.8022785
18,17.39312
12,10.439256
11,9.7737875
4,3.792008
2,2.6537008
14,13.302905
18,16.568731
6,4.808343
18,16.15095
6,4.909922
11,9.841689
5,4.45872
3,2.017927
2,1.4788058
2,1.5252198
2,1.654234
4,2.8513503
0,0.58969533
2,1.6683264
5,3.8869405
3,2.166329
11,9.813397
2,2.078699
4,2.6705647
3,2.7118988
3,3.1042075
1,0.5069252
2,1.7433745
2,1.4533561
2,1.2436732
1,0.7911247
0,-0.1669866
0,0.23543833
1,0.059092034
0,0.1034249
1,0.1650698
8,7.23247
4,2.508121
1,0.39496064
-1,-0.702973
2,0.8883811
2,1.2209358
3,1.7257824
0,0.016456833
0,-0.06071676
0,-0.006492863
1,0.48955715
2,0.98667943
3,2.4506955
5,3.68679
3,2.7154293
2,2.1258664
3,2.4636412
3,2.7639537
2,1.3338923
3,2.2122698
2,1.3837942
3,1.8101071
2,1.5894042
2,1.4535277
11,9.711286
4,2.0882816
2,0.79444563
3,1.4507157
0,-0.17455615
1,0.908749
2,1.6070334
1,0.8536304
1,0.9499817
1,0.3472538
2,1.651844
5,3.575243
3,2.5003233
4,2.8301
5,4.1678247
6,4.7136574
4,3.0623512
0,1.0676194
4,2.3496294
3,2.2096531
4,4.054636
3,2.529172
4,2.989918
1,0.63074243
4,3.4221568
0,0.6029228
3,2.0701385
0,-0.3797058
-2,-1.5345956
0,-0.4858402
2,2.342659
3,3.1256268
3,2.595355
3,3.0419488
4,3.4756415
4,3.9423277
0,0.561733
0,1.6046542
6,4.5207524
7,6.309492
4,3.7425303
2,2.6861587
3,3.1771574
5,4.312112
4,3.5308604
3,1.654701
1,0.30633044
-1,-0.4507153
2,1.714963
6,5.028433
5,4.0636587
4,3.3586648
13,11.610841
13,12.597108
5,4.831314
0,0.81895745
2,2.3228064
10,9.079561
5,4.005684
5,3.5777354
9,8.926414
6,4.010126
4,3.4780455
3,3.336805
6,4.855803
4,3.5313897
2,2.3546686
6,5.022561
7,5.694419
4,3.1716719
6,5.6287584
10,9.759036
5,4.5110927
5,4.033795
2,2.0946186
8,8.726439
3,3.205615
4,4.501705
6,3.8434143
2,1.9516171
-2,-1.1715161
0,-0.34215128
1,0.635236
2,1.1289631
3,2.08886
2,1.1479356
4,3.052378
3,1.7954005
2,1.9947265
0,0.2629652
2,1.406407
2,2.307261
3,1.6950715
2,0.9995822
4,2.5446606
1,1.7201918
-1,0.05678617
3,1.4234523
1,0.28051364
10,8.720677
3,1.6751506
3,1.9561279
4,3.429951
3,2.3942428
0,0.8503866
2,1.1283276
5,4.109907
0,0.21827291
2,1.289579
4,2.7013822
3,2.5689874
1,1.564659
3,2.9379163
0,0.45879555
1,1.4471763
5,4.298707
5,4.0019965
1,0.3564272
0,-0.1871927
1,0.30628622
0,-0.110064395
1,0.36139762
2,1.4811116
10,8.495545
8,5.736823
2,2.489109
4,3.4162993
7,4.9928064
1,1.5787704
1,0.93199444
4,2.3688288
9,8.784852
2,1.1640261
2,1.1387781
1,0.7337426
0,0.13109027
11,11.011443
2,1.5725757
2,1.239248
11,10.032666
2,1.6793685
3,2.2295046
8,8.429641
11,9.1768675
2,2.3628817
1,0.97919446
9,7.8044147
1,0.5874014
2,1.2393681
1,0.569963
1,0.68820405
0,0.06490838
0,0.13261257
2,1.944784
4,2.8490791
2,1.1026193
0,0.034750212
6,3.8460126
4,2.5362306
2,1.8898225
3,2.2456627
1,0.7038231
4,3.0571985
4,3.4036546
1,0.69534266
6,5.026879
2,2.1719785
10,8.66763
3,2.0782964
2,1.381091
1,1.3296485
3,2.5197892
11,9.381263
2,2.0033376
0,0.69362783
2,2.055442
3,3.8443887
10,10.459425
9,9.01783
2,1.979302
3,2.6040673
16,14.767802
2,2.2713902
13,12.837083
9,10.242103
2,2.1029181
1,1.0284878
2,1.8798056
2,1.7754
5,4.1190453
2,2.332345
0,0.932824
4,3.199728
2,3.3575757
1,1.4470288
3,2.7855697
1,1.738914
2,2.8809977
3,3.1009214
0,-0.31840646
0,-0.055899274
0,0.33968472
0,-0.23419513
3,3.2869961
4,3.28944
2,2.8312387
3,2.8710093
3,2.835896
3,4.086532
3,2.887898
3,3.6417172
3,3.244467
2,2.3369699
12,10.702537
0,1.1077018
6,5.09591
1,1.5871898
1,0.18245815
2,0.75066555
2,0.8798896
2,0.9085587
0,-0.20027913
3,2.02948
1,0.40674615
1,0.64937806
2,0.96602595
1,0.60323465
0,0.14747153
1,0.61866355
0,0.4167379
4,2.5732677
3,2.3321366
0,0.16275655
2,1.6337715
0,0.53824055
2,1.3399934
3,2.1112978
1,0.60522234
7,6.3561172
2,1.1606684
1,1.1966039
1,0.242478
0,-0.363037
1,0.41019237
0,-0.29306233
1,1.3184093
3,1.6507243
2,1.4484323
7,4.891067
2,1.2274894
2,1.8150858
2,1.8199307
1,1.3143411
0,0.044274915
3,2.82556
2,1.3941283
4,4.470746
3,1.9188149
5,3.8698785
4,3.1253622
3,2.6210284
2,1.2576677
2,1.2783486
2,1.1081586
3,1.8310093
3,1.9478248
1,0.67496896
2,1.781073
2,1.3600196
3,2.4651737
0,-0.6002892
1,-0.22010697
0,-0.67042017
3,2.2150128
4,2.3865428
2,2.0961897
1,0.9880971
4,2.585607
2,1.5706862
1,0.7501918
4,2.8846452
6,3.8297038
2,1.7733073
2,1.487336
2,1.5076431
10,8.452126
5,3.723741
12,10.400652
2,2.2077832
4,3.5852954
1,1.2247812
1,1.4692528
2,1.7346264
2,2.1464987
1,1.5244664
3,2.963262
1,0.50186884
3,1.9451194
2,1.65969
7,4.9788814
5,3.971212
4,2.9011812
5,3.843903
2,0.92853844
3,1.9516623
1,0.96883667
2,1.7263991
3,1.6121333
2,1.1518114
6,4.8178434
2,0.9663384
1,1.1619564
0,0.15925823
1,1.1149594
9,8.146178
2,1.4807245
9,8.744794
2,1.3260093
1,0.80517566
2,1.3461901
0,0.31417382
2,1.7024804
2,1.2778206
4,2.5002208
6,4.9234986
3,1.7681885
3,2.8104706
3,1.872417
5,3.1537614
2,0.8125974
3,2.7691922
5,3.6349514
4,3.1422155
5,2.9295533
3,2.6847844
1,1.2250407
2,1.2708246
1,0.7625996
1,0.8213377
3,1.7367376
2,1.371949
0,0.08046042
1,0.7340199
1,0.65737677
0,-0.47753978
0,-0.66698015
0,-0.64121044
1,0.03702568
2,0.9679806
3,2.007504
2,1.4182733
3,2.0135756
5,3.7213597
0,-0.12017942
2,1.5758563
4,2.34815
3,2.1252627
4,2.8671305
1,0.751492
2,1.2997454
1,0.7670196
5,3.811376
2,1.8525504
2,1.8933111
5,3.8380268
1,1.0553596
0,0.27921546
3,1.6791582
1,0.7361176
0,-0.45351052
3,1.6871083
2,0.7521905
3,2.128655
1,0.55867636
4,2.6740384
4,2.2069404
2,1.7865077
2,2.3918738
4,2.967241
8,7.229312
3,2.0659893
4,2.7052727
5,4.56458
6,5.1492553
12,9.897428
4,2.8494415
0,-1.2152251
1,-0.062419903
0,-0.75774646
3,2.9062185
9,7.4257936
4,2.3263667
4,2.4083712
0,0.10068201
1,0.27504122
12,10.122149
11,9.1810255
3,2.1577015
2,1.3895508
5,3.3364804
1,0.57159734
0,0.16225182
1,0.5789851
1,0.47890234
11,8.288866
0,-0.45700586
4,2.7055054
1,1.1945635
3,2.3735533
3,1.5433426
1,0.7019502
1,0.76695204
8,6.246232
3,2.9341884
5,4.546043
5,4.343113
2,1.1252316
2,2.0386806
9,8.445611
-1,-0.3388269
11,9.034772
0,1.0653849
4,3.1060781
2,1.8722781
2,1.952269
1,1.1458994
4,2.8341515
3,1.9971943
1,0.9935782
7,5.875838
2,1.9020832
4,3.4644518
3,2.3774922
1,0.9543636
5,3.3687186
4,3.7737284
1,1.2532032
14,14.022071
2,1.8122536
9,8.652476
10,10.04278
3,2.5061576
16,15.808148
4,3.2559266
10,9.589365
2,1.7467494
1,1.0195155
2,1.6182015
2,2.0885184
3,1.8213543
2,1.4061142
-1,-0.10957564
3,2.2752032
1,0.8619951
1,1.3432117
3,2.1637623
3,2.2914026
2,1.810059
2,1.7576281
4,4.9395337
2,1.7536153
4,3.038523
2,1.512884
2,2.0565257
3,2.7921147
1,1.0423319
2,1.5615371
2,1.8304456
2,2.001938
3,1.1976994
3,2.9666648
7,5.4652805
4,3.89143
7,5.3482056
7,5.7243366
7,6.408253
0,0.63912165
4,4.4949827
0,0.7094741
8,6.5578694
3,2.7029095
10,9.575822
3,2.5331323
5,3.7745013
6,5.5824857
6,4.3273573
4,3.1804147
4,3.3317685
2,1.843805
5,3.6497278
2,2.2994466
9,6.98118
2,1.860904
3,2.9934816
5,3.8410408
3,2.6192048
4,3.4066496
3,2.1875885
2,1.6647441
3,2.4354446
2,1.8797144
4,2.9388711
6,3.570804
3,1.6677147
6,3.8842254
3,2.3404183
4,2.7938495
5,3.5635715
4,2.8578534
4,3.0807438
5,4.7758846
3,2.1494958
1,0.7317426
3,1.9232486
2,1.748848
4,3.1543274
9,8.393814
2,1.5595748
2,1.0632701
2,1.3346653
1,0.6471802
2,1.6569555
2,2.0549846
3,2.0777946
7,4.802903
1,0.40240014
2,1.2525467
1,0.45068157
3,3.5148988
9,7.600229
10,8.777194
3,3.4795077
8,7.2605104
2,2.9439995
5,4.3913007
7,6.7832346
2,2.935548
11,9.911804
4,3.3695302
3,3.9539242
2,2.5171778
2,2.2362652
4,3.7861416
3,2.508274
3,2.0279222
6,4.679058
3,3.4451416
2,2.3465204
3,2.850048
9,7.992164
3,2.6072648
2,1.0621912
-9,-4.6328807
5,3.9003987
1,1.8647891
6,5.18189
2,2.2633195
10,9.0583935
2,2.5944915
4,4.0192356
5,4.349498
4,3.1884508
3,3.2468233
3,2.8648791
3,2.9250648
4,4.428964
3,2.783341
4,4.193621
2,0.8822018
0,-0.50591075
2,1.1798996
2,1.1053944
1,1.187662
6,4.320612
4,2.834835
2,1.1483344
2,1.6621878
2,1.7151374
1,0.76174605
2,1.8236498
-1,0.17728363
2,1.3869398
2,2.1212678
1,1.061776
3,2.054595
11,9.144725
2,1.8858927
1,1.053383
3,2.675068
3,2.2691727
2,1.6842067
2,1.5846933
1,1.7305402
1,1.1717125
3,2.2273273
2,1.6362497
3,1.9640844
0,-0.3139776
1,0.42878962
0,-0.31479418
2,1.4746073
5,3.3330176
3,2.5271807
4,2.9040852
6,4.1744475
1,0.829671
5,3.17104
5,3.523779
3,1.4387829
4,3.0267677
4,3.1623793
3,2.0908937
9,8.811078
4,3.2369547
4,3.0558724
3,3.299994
2,1.258926
2,0.95746017
0,0.19133542
1,0.7910528
2,1.4340135
1,1.1616195
6,4.4936714
3,1.9512353
1,0.8717154
0,0.30661035
3,2.7411354
2,1.6981902
2,1.6898588
0,0.17370759
0,1.0165368
2,1.3346145
-1,-0.17152704
0,0.909615
1,1.1473615
2,1.6545172
3,2.9849386
4,2.1225433
1,0.35507452
2,1.3372644
3,1.322446
2,1.0642706
4,2.3650088
2,1.0118498
2,0.6255424
3,2.568337
0,0.06557297
1,0.53347254
4,2.64578
0,-0.16397907
5,4.3189893
2,1.4484004
2,1.7030481
10,10.055417
9,8.388864
2,2.6681323
8,9.396897
2,2.276289
4,3.5585995
12,11.197991
9,9.311341
2,2.1998334
10,9.232225
8,8.420995
10,9.151141
1,1.2074783
0,0.6263827
3,1.9379501
2,0.91389096
4,3.2312996
5,4.3610263
6,5.1349497
3,2.644245
10,9.893662
3,3.3025327
4,3.367608
3,2.756116
8,7.7028275
3,2.6466587
6,4.713434
5,4.970767
4,3.4104042
5,4.2525635
5,4.3603764
-1,-0.13407482
2,1.5094794
6,4.8453355
5,5.612098
2,3.0000293
5,4.724082
1,1.0921566
1,1.1673756
4,3.5442493
3,2.8965316
3,2.5392451
4,3.3134034
5,4.399746
5,4.29517
11,9.421472
4,3.273249
12,10.303874
4,3.278277
4,3.5926063
2,0.91275156
0,0.08304822
1,0.47188067
10,8.241204
1,0.563678
1,0.56015444
1,0.646268
6,3.9720068
2,1.4679394
3,2.5498052
2,1.323985
3,2.539662
3,1.8793415
2,2.3418422
3,2.8734195
4,3.486575
11,10.23222
3,2.6830807
2,2.337482
2,2.2990494
3,3.2899542
3,4.116262
1,1.1331732
4,3.564929
4,3.967383
4,3.9278188
5,4.5630183
4,3.6314654
3,2.9393268
4,3.6033206
7,5.460637
-2,-0.19299974
4,3.6121626
6,4.3633814
3,2.5104833
3,3.0840297
6,4.8352876
4,3.1982403
0,1.3442544
3,2.4129276
6,5.0709248
5,4.157963
2,0.7491791
1,0.27447546
3,3.035549
2,0.9630723
4,4.411907
7,6.768447
7,8.33921
3,2.8155694
1,2.2397552
2,2.6126277
2,2.1184864
3,3.356717
5,6.434654
5,4.5185456
5,5.3535643
4,4.493313
7,7.0172567
3,1.9967877
0,0.041244257
3,2.3148818
2,2.3435905
2,1.5868305
2,1.8962034
1,1.5494956
3,3.1849203
2,1.9406413
1,1.4110354
7,7.5063014
5,4.3291454
2,2.2583158
2,2.1310296
2,2.0370898
2,1.4093673
16,15.026423
2,1.4999493
3,2.208643
2,2.7201874
1,0.8333938
4,2.7409678
2,1.5788944
2,1.5694463
9,7.9949956
2,1.4440025
0,0.36472273
1,0.7897482
3,2.5455658
16,15.060388
4,2.7102947
1,0.6144303
4,2.6908047
5,3.0043569
4,2.4347484
0,0.072318904
2,0.95248914
5,3.0695667
3,1.7812124
4,2.808001
-5,-2.7226458
4,2.2127085
1,0.5285822
5,4.339308
2,1.5204743
5,3.235937
6,4.0844235
4,2.323535
4,3.1656897
2,1.4781092
0,0.5759126
4,2.8013191
3,2.3874695
4,1.7358671
2,1.0523443
2,1.1702833
6,4.2103367
2,1.1953532
4,3.6360915
3,2.5485902
-6,-1.9279891
3,2.4906635
4,3.039474
3,2.260864
5,3.7733777
5,3.3646266
-2,0.042621482
-4,-1.4868513
2,1.5333798
3,3.1263876
2,1.359101
2,1.4753561
5,4.0702376
4,3.012322
0,1.382928
3,2.714384
3,3.6354852
2,2.2339919
7,5.259968
3,2.5154285
4,3.525829
4,3.1414213
3,2.7436056
8,5.904743
7,4.9006643
3,2.3602107
3,1.7580432
2,1.101564
2,1.0309523
2,1.0125501
2,1.0226792
