ID,Date,PredictedValue
5,2023-12-07,9866078
5,2023-12-10,9899617
5,2023-12-11,9908876
5,2023-12-12,9917490
5,2023-12-13,9925503
5,2023-12-09,9889664
5,2023-12-08,9878962
21,2023-12-08,270112
21,2023-12-09,252851
21,2023-12-11,235720
21,2023-12-12,232281
21,2023-12-13,230386
21,2023-12-07,283029
21,2023-12-10,241927
24,2023-12-07,1062606
24,2023-12-08,1167504
24,2023-12-09,1262085
24,2023-12-10,1345791
24,2023-12-11,1419850
24,2023-12-13,1543344
24,2023-12-12,1485373
29,2023-12-13,16620054
29,2023-12-12,16620035
29,2023-12-11,16619974
29,2023-12-10,16619772
29,2023-12-09,16619101
29,2023-12-08,16616875
29,2023-12-07,16609485
31,2023-12-07,10101379
31,2023-12-08,10138890
31,2023-12-09,10174503
31,2023-12-10,10208311
31,2023-12-13,10299790
31,2023-12-12,10270869
31,2023-12-11,10240404
34,2023-12-11,5079171
34,2023-12-10,5071562
34,2023-12-08,5054587
34,2023-12-09,5063392
34,2023-12-13,5092854
34,2023-12-07,5049034
34,2023-12-12,5086256
37,2023-12-10,1126128
37,2023-12-11,882622
37,2023-12-12,660024
37,2023-12-13,462657
37,2023-12-07,1917863
37,2023-12-09,1384817
37,2023-12-08,1651557
42,2023-12-12,11186382
42,2023-12-11,11123308
42,2023-12-10,11057634
42,2023-12-09,10989260
42,2023-12-08,10918308
42,2023-12-07,10851719
42,2023-12-13,11246958
43,2023-12-09,953696
43,2023-12-07,922730
43,2023-12-08,939127
43,2023-12-10,966405
43,2023-12-12,987146
43,2023-12-11,977485
43,2023-12-13,995568
44,2023-12-07,159339
44,2023-12-08,158880
44,2023-12-09,158453
44,2023-12-10,158072
44,2023-12-11,157731
44,2023-12-12,157426
44,2023-12-13,157153
46,2023-12-13,5577866
46,2023-12-07,7444338
46,2023-12-12,5873325
46,2023-12-11,6173909
46,2023-12-10,6479706
46,2023-12-08,7106955
46,2023-12-09,6790817
49,2023-12-11,3974062
49,2023-12-13,4008399
49,2023-12-12,3997773
49,2023-12-10,3967207
49,2023-12-09,4024740
49,2023-12-08,4135497
49,2023-12-07,4144753
51,2023-12-13,22757931
51,2023-12-12,22756410
51,2023-12-11,22758117
51,2023-12-10,22756201
51,2023-12-08,22756014
51,2023-12-07,22754042
51,2023-12-09,22758350
56,2023-12-08,1346706
56,2023-12-10,619143
56,2023-12-11,209045
56,2023-12-12,-203888
56,2023-12-13,-611694
56,2023-12-07,1559806
56,2023-12-09,1009780
58,2023-12-10,12007947
58,2023-12-09,12007945
58,2023-12-07,12007445
58,2023-12-08,12006771
58,2023-12-13,12007949
58,2023-12-12,12007949
58,2023-12-11,12007949
63,2023-12-12,126161
63,2023-12-09,141527
63,2023-12-08,147512
63,2023-12-07,153989
63,2023-12-13,121796
63,2023-12-11,130884
63,2023-12-10,135996
73,2023-12-10,14312484
73,2023-12-12,14724132
73,2023-12-11,14520377
73,2023-12-09,14100371
73,2023-12-08,13884025
73,2023-12-07,13671085
73,2023-12-13,14923831
74,2023-12-07,183678
74,2023-12-08,189491
74,2023-12-09,197249
74,2023-12-10,201663
74,2023-12-11,202824
74,2023-12-13,201728
74,2023-12-12,202410
79,2023-12-12,2831451
79,2023-12-08,3723502
79,2023-12-13,2641714
79,2023-12-10,3266187
79,2023-12-11,3042021
79,2023-12-09,3496087
79,2023-12-07,3940154
82,2023-12-11,1687716
82,2023-12-13,1776728
82,2023-12-10,1636407
82,2023-12-09,1579750
82,2023-12-08,1518809
82,2023-12-07,1440825
82,2023-12-12,1734356
91,2023-12-13,10450265
91,2023-12-12,10406836
91,2023-12-11,10355194
91,2023-12-10,10293789
91,2023-12-09,10220803
91,2023-12-08,10134733
91,2023-12-07,10048917
96,2023-12-13,756230
96,2023-12-07,535352
96,2023-12-08,576785
96,2023-12-12,723747
96,2023-12-09,616250
96,2023-12-11,689644
96,2023-12-10,653840
128,2023-12-09,1893047
128,2023-12-07,1899858
128,2023-12-13,1893609
128,2023-12-12,1893609
128,2023-12-11,1893607
128,2023-12-10,1893666
128,2023-12-08,1896492
130,2023-12-12,17861430
130,2023-12-11,17861431
130,2023-12-13,17861430
130,2023-12-10,17861435
130,2023-12-09,17861447
130,2023-12-08,17862416
130,2023-12-07,17862800
158,2023-12-07,-23108
158,2023-12-10,-829345
158,2023-12-11,-1043132
158,2023-12-08,-319347
158,2023-12-13,-1402448
158,2023-12-09,-589033
158,2023-12-12,-1233297
162,2023-12-07,533860
162,2023-12-08,482256
162,2023-12-10,153377
162,2023-12-11,189752
162,2023-12-12,267913
162,2023-12-13,299398
162,2023-12-09,265189
171,2023-12-09,1667519
171,2023-12-10,1500351
171,2023-12-11,1416790
171,2023-12-12,1279506
171,2023-12-13,1181517
171,2023-12-07,1943931
171,2023-12-08,1715704
175,2023-12-12,2117325
175,2023-12-13,2137298
175,2023-12-11,2096648
175,2023-12-10,2075242
175,2023-12-09,2053076
175,2023-12-08,2030340
175,2023-12-07,1998687
185,2023-12-07,201671
185,2023-12-08,211128
185,2023-12-09,219214
185,2023-12-10,226668
185,2023-12-11,233502
185,2023-12-13,245523
185,2023-12-12,239772
196,2023-12-11,5120697
196,2023-12-13,5547981
196,2023-12-10,4882168
196,2023-12-12,5342233
196,2023-12-07,4073066
196,2023-12-09,4625421
196,2023-12-08,4350247
208,2023-12-12,5981939
208,2023-12-13,5982520
208,2023-12-07,5976635
208,2023-12-10,5980491
208,2023-12-11,5981267
208,2023-12-09,5979594
208,2023-12-08,5978547
213,2023-12-07,10061146
213,2023-12-13,10053689
213,2023-12-12,10054002
213,2023-12-11,10054492
213,2023-12-10,10055262
213,2023-12-08,10058368
213,2023-12-09,10056471
217,2023-12-11,228882
217,2023-12-13,230910
217,2023-12-12,229953
217,2023-12-10,227684
217,2023-12-09,226344
217,2023-12-08,224830
217,2023-12-07,223291
229,2023-12-13,2349815
229,2023-12-11,2801803
229,2023-12-07,4048685
229,2023-12-08,3729068
229,2023-12-12,2560547
229,2023-12-09,3388904
229,2023-12-10,3077290
268,2023-12-07,162345
268,2023-12-08,163610
268,2023-12-10,165455
268,2023-12-11,166029
268,2023-12-12,166446
268,2023-12-13,166756
268,2023-12-09,164703
269,2023-12-11,1477817
269,2023-12-12,1574495
269,2023-12-09,1249251
269,2023-12-08,1115877
269,2023-12-07,989422
269,2023-12-13,1661037
269,2023-12-10,1369820
270,2023-12-07,1430872
270,2023-12-10,1040719
270,2023-12-11,926787
270,2023-12-09,1162051
270,2023-12-12,819801
270,2023-12-13,719339
270,2023-12-08,1291223
277,2023-12-08,6874220
277,2023-12-07,6513606
277,2023-12-09,7189476
277,2023-12-10,7522571
277,2023-12-11,7841724
277,2023-12-12,8162992
277,2023-12-13,8478336
298,2023-12-12,11875318
298,2023-12-13,11855867
298,2023-12-10,11915240
298,2023-12-09,11935724
298,2023-12-08,11956563
298,2023-12-07,11977704
298,2023-12-11,11895107
308,2023-12-13,7367730
308,2023-12-12,6929030
308,2023-12-11,6432783
308,2023-12-10,5895225
308,2023-12-09,5340618
308,2023-12-08,4802110
308,2023-12-07,4322246
321,2023-12-10,600879
321,2023-12-07,729003
321,2023-12-08,657311
321,2023-12-09,620892
321,2023-12-11,590073
321,2023-12-12,584216
321,2023-12-13,581045
322,2023-12-10,1567090
322,2023-12-09,1604379
322,2023-12-13,1461400
322,2023-12-07,1682228
322,2023-12-11,1530850
322,2023-12-08,1642748
322,2023-12-12,1495629
328,2023-12-07,15118937
328,2023-12-08,15179083
328,2023-12-09,15237672
328,2023-12-10,15294743
328,2023-12-11,15350336
328,2023-12-12,15404489
328,2023-12-13,15457239
332,2023-12-13,1773278
332,2023-12-12,1750125
332,2023-12-11,1725012
332,2023-12-10,1697774
332,2023-12-09,1668229
332,2023-12-08,1636213
332,2023-12-07,1598828
334,2023-12-07,8262944
334,2023-12-08,8209014
334,2023-12-09,8157155
334,2023-12-10,8107285
334,2023-12-11,8059329
334,2023-12-13,7968867
334,2023-12-12,8013213
340,2023-12-10,17872923
340,2023-12-11,18004579
340,2023-12-07,17547664
340,2023-12-08,17642544
340,2023-12-09,17777100
340,2023-12-13,18230109
340,2023-12-12,18101165
343,2023-12-07,15649614
343,2023-12-08,15652333
343,2023-12-09,15656961
343,2023-12-10,15658482
343,2023-12-11,15658925
343,2023-12-12,15659052
343,2023-12-13,15659088
345,2023-12-08,496238
345,2023-12-12,477369
345,2023-12-13,473610
345,2023-12-07,504386
345,2023-12-09,490829
345,2023-12-10,485945
345,2023-12-11,481470
346,2023-12-10,9924026
346,2023-12-13,9912522
346,2023-12-09,9927940
346,2023-12-08,9931895
346,2023-12-07,9935891
346,2023-12-11,9920152
346,2023-12-12,9916317
354,2023-12-11,1210004
354,2023-12-07,1189758
354,2023-12-12,1211744
354,2023-12-10,1207369
354,2023-12-13,1212877
354,2023-12-09,1203452
354,2023-12-08,1197763
358,2023-12-10,7119533
358,2023-12-11,6964620
358,2023-12-12,6954100
358,2023-12-13,7086958
358,2023-12-07,6927823
358,2023-12-09,7117717
358,2023-12-08,6937787
361,2023-12-12,4510852
361,2023-12-11,4559351
361,2023-12-10,4612865
361,2023-12-07,4792725
361,2023-12-13,4466902
361,2023-12-09,4671827
361,2023-12-08,4735764
362,2023-12-11,165336
362,2023-12-10,165504
362,2023-12-09,165708
362,2023-12-07,166439
362,2023-12-13,165085
362,2023-12-12,165199
362,2023-12-08,165968
389,2023-12-11,-25546
389,2023-12-12,-91372
389,2023-12-09,180672
389,2023-12-08,336436
389,2023-12-07,521505
389,2023-12-10,62668
389,2023-12-13,-140479
392,2023-12-08,160079
392,2023-12-10,140381
392,2023-12-09,150852
392,2023-12-11,130843
392,2023-12-12,123359
392,2023-12-13,118255
392,2023-12-07,164657
402,2023-12-12,174615
402,2023-12-13,174554
402,2023-12-08,175417
402,2023-12-10,174844
402,2023-12-07,175018
402,2023-12-09,175044
402,2023-12-11,174706
408,2023-12-07,161080
408,2023-12-13,164874
408,2023-12-12,165802
408,2023-12-11,166490
408,2023-12-10,166423
408,2023-12-09,165286
408,2023-12-08,163246
410,2023-12-12,157192
410,2023-12-11,157570
410,2023-12-09,158432
410,2023-12-08,158917
410,2023-12-07,159467
410,2023-12-13,156847
410,2023-12-10,157981
413,2023-12-13,178198
413,2023-12-12,179549
413,2023-12-09,185241
413,2023-12-08,187675
413,2023-12-10,182992
413,2023-12-07,190862
413,2023-12-11,181166
415,2023-12-13,369338
415,2023-12-12,409055
415,2023-12-07,636655
415,2023-12-08,593476
415,2023-12-11,451198
415,2023-12-10,495918
415,2023-12-09,543365
431,2023-12-12,15393607
431,2023-12-13,15418851
431,2023-12-11,15367956
431,2023-12-10,15341891
431,2023-12-08,15288494
431,2023-12-07,15261134
431,2023-12-09,15315406
432,2023-12-13,10896068
432,2023-12-12,10891587
432,2023-12-11,10886981
432,2023-12-10,10882246
432,2023-12-09,10877379
432,2023-12-08,10872361
432,2023-12-07,10869374
444,2023-12-10,11468746
444,2023-12-07,11468789
444,2023-12-08,11468753
444,2023-12-13,11468745
444,2023-12-12,11468745
444,2023-12-11,11468744
444,2023-12-09,11468741
448,2023-12-07,165299
448,2023-12-12,163917
448,2023-12-11,164143
448,2023-12-10,164402
448,2023-12-09,164699
448,2023-12-08,165037
448,2023-12-13,163720
456,2023-12-10,436481
456,2023-12-07,500161
456,2023-12-09,456099
456,2023-12-11,418017
456,2023-12-08,476917
456,2023-12-13,384281
456,2023-12-12,400638
464,2023-12-12,18845578
464,2023-12-09,18842352
464,2023-12-08,18837227
464,2023-12-13,18845698
464,2023-12-07,18835327
464,2023-12-11,18845265
464,2023-12-10,18844453
465,2023-12-13,2200016
465,2023-12-12,2192449
465,2023-12-11,2182918
465,2023-12-10,2170915
465,2023-12-09,2155796
465,2023-12-08,2136755
465,2023-12-07,2112773
474,2023-12-13,349933
474,2023-12-10,315210
474,2023-12-11,328013
474,2023-12-09,300997
474,2023-12-08,285253
474,2023-12-12,339546
474,2023-12-07,268824
476,2023-12-11,17584604
476,2023-12-09,17540208
476,2023-12-10,17562595
476,2023-12-08,17517440
476,2023-12-12,17606240
476,2023-12-13,17627510
476,2023-12-07,17492923
477,2023-12-12,1324669
477,2023-12-13,1300955
477,2023-12-07,1500635
477,2023-12-08,1456042
477,2023-12-09,1416741
477,2023-12-10,1382103
477,2023-12-11,1351574
492,2023-12-12,13861031
492,2023-12-11,12742123
492,2023-12-07,8828701
492,2023-12-13,14993234
492,2023-12-10,11647869
492,2023-12-09,10599319
492,2023-12-08,9635489
536,2023-12-12,1617609
536,2023-12-08,1461184
536,2023-12-11,1584227
536,2023-12-10,1547243
536,2023-12-13,1647730
536,2023-12-07,1407763
536,2023-12-09,1506187
551,2023-12-07,161221
551,2023-12-08,159399
551,2023-12-09,160593
551,2023-12-10,160274
551,2023-12-11,160039
551,2023-12-12,160409
551,2023-12-13,160160
556,2023-12-12,4336603
556,2023-12-13,4327230
556,2023-12-11,4346186
556,2023-12-07,4387387
556,2023-12-09,4366001
556,2023-12-08,4376267
556,2023-12-10,4355983
561,2023-12-13,7905544
561,2023-12-12,7891084
561,2023-12-10,7859259
561,2023-12-09,7841761
561,2023-12-08,7823283
561,2023-12-07,7796245
561,2023-12-11,7875677
564,2023-12-11,15412061
564,2023-12-13,15499296
564,2023-12-08,15276706
564,2023-12-09,15322434
564,2023-12-10,15367550
564,2023-12-12,15455973
564,2023-12-07,15229957
607,2023-12-12,14570683
607,2023-12-11,14395784
607,2023-12-10,14208376
607,2023-12-09,14007577
607,2023-12-08,13792977
607,2023-12-07,13583142
607,2023-12-13,14733907
611,2023-12-10,195749
611,2023-12-09,192218
611,2023-12-08,191151
611,2023-12-12,199746
611,2023-12-13,201184
611,2023-12-11,197154
611,2023-12-07,186082
1684,2023-12-13,559195
1684,2023-12-07,2022465
1684,2023-12-08,1757007
1684,2023-12-12,790165
1684,2023-12-09,1509633
1684,2023-12-10,1265201
1684,2023-12-11,1025482
1689,2023-12-12,-711441
1689,2023-12-11,-379607
1689,2023-12-10,-36590
1689,2023-12-09,318418
1689,2023-12-08,682173
1689,2023-12-07,1085902
1689,2023-12-13,-1032410
1708,2023-12-10,15805002
1708,2023-12-12,15805003
1708,2023-12-11,15805003
1708,2023-12-09,15804997
1708,2023-12-08,15805191
1708,2023-12-07,15805161
1708,2023-12-13,15805003
1718,2023-12-12,604067
1718,2023-12-13,550825
1718,2023-12-11,586924
1718,2023-12-10,553477
1718,2023-12-09,637350
1718,2023-12-08,521217
1718,2023-12-07,635735
1743,2023-12-12,200299
1743,2023-12-11,199359
1743,2023-12-10,197929
1743,2023-12-09,195819
1743,2023-12-08,192999
1743,2023-12-07,190549
1743,2023-12-13,200910
1756,2023-12-08,194733
1756,2023-12-09,208786
1756,2023-12-10,222159
1756,2023-12-11,234848
1756,2023-12-12,246855
1756,2023-12-13,258182
1756,2023-12-07,180001
1759,2023-12-08,7426993
1759,2023-12-09,7390527
1759,2023-12-10,7359604
1759,2023-12-11,7333526
1759,2023-12-12,7311537
1759,2023-12-13,7292996
1759,2023-12-07,7461270
1762,2023-12-11,5654895
1762,2023-12-12,5656486
1762,2023-12-13,5657661
1762,2023-12-10,5652742
1762,2023-12-08,5645888
1762,2023-12-09,5649829
1762,2023-12-07,5640554
1773,2023-12-11,7003219
1773,2023-12-09,7176447
1773,2023-12-08,7266358
1773,2023-12-07,7363056
1773,2023-12-12,6920992
1773,2023-12-13,6841681
1773,2023-12-10,7087986
1775,2023-12-09,201995
1775,2023-12-10,198331
1775,2023-12-11,197761
1775,2023-12-12,198690
1775,2023-12-13,199454
1775,2023-12-08,206752
1775,2023-12-07,204534
3060,2023-12-11,-76197
3060,2023-12-10,-13950
3060,2023-12-09,45555
3060,2023-12-08,100271
3060,2023-12-07,148107
3060,2023-12-12,-139223
3060,2023-12-13,-201206
3117,2023-12-07,9034326
3117,2023-12-08,9269289
3117,2023-12-09,9497506
3117,2023-12-11,9934474
3117,2023-12-12,10143595
3117,2023-12-13,10346713
3117,2023-12-10,9719172
3154,2023-12-12,4901142
3154,2023-12-13,4905092
3154,2023-12-07,4872510
3154,2023-12-08,4879164
3154,2023-12-09,4885756
3154,2023-12-10,4891552
3154,2023-12-11,4896653
3710,2023-12-11,174229
3710,2023-12-07,170350
3710,2023-12-12,174266
3710,2023-12-08,171641
3710,2023-12-09,173626
3710,2023-12-10,173848
3710,2023-12-13,174339
3720,2023-12-13,11285035
3720,2023-12-10,11434229
3720,2023-12-12,11332289
3720,2023-12-11,11381978
3720,2023-12-09,11489169
3720,2023-12-08,11546788
3720,2023-12-07,11600889
3728,2023-12-08,9836504
3728,2023-12-09,9782421
3728,2023-12-11,9700412
3728,2023-12-13,9634898
3728,2023-12-07,9906876
3728,2023-12-10,9738323
3728,2023-12-12,9666398
3729,2023-12-07,9864647
3729,2023-12-13,10080166
3729,2023-12-08,9907964
3729,2023-12-12,10050461
3729,2023-12-09,9947488
3729,2023-12-10,9984291
3729,2023-12-11,10018557
3778,2023-12-13,14373130
3778,2023-12-08,14373854
3778,2023-12-12,14373130
3778,2023-12-09,14373646
3778,2023-12-10,14373130
3778,2023-12-11,14373133
3778,2023-12-07,14470459
4753,2023-12-12,203396
4753,2023-12-10,221707
4753,2023-12-08,244537
4753,2023-12-07,255893
4753,2023-12-11,212040
4753,2023-12-09,232515
4753,2023-12-13,195666
4886,2023-12-13,172999
4886,2023-12-12,173005
4886,2023-12-07,173357
4886,2023-12-11,173018
4886,2023-12-10,173042
4886,2023-12-08,173179
4886,2023-12-09,173088
5642,2023-12-07,209767
5642,2023-12-08,173365
5642,2023-12-13,36233
5642,2023-12-10,113856
5642,2023-12-11,86458
5642,2023-12-12,60611
5642,2023-12-09,142948
5653,2023-12-13,-55088
5653,2023-12-12,-10867
5653,2023-12-10,94508
5653,2023-12-11,38788
5653,2023-12-08,226614
5653,2023-12-09,157255
5653,2023-12-07,310883
5691,2023-12-12,189811
5691,2023-12-11,188603
5691,2023-12-13,190895
5691,2023-12-07,180305
5691,2023-12-08,183600
5691,2023-12-09,185650
5691,2023-12-10,187241
5916,2023-12-10,4897472
5916,2023-12-09,4941803
5916,2023-12-08,4987766
5916,2023-12-13,4774788
5916,2023-12-11,4854909
5916,2023-12-07,5040829
5916,2023-12-12,4814037
5917,2023-12-07,5649538
5917,2023-12-08,5690392
5917,2023-12-09,5732005
5917,2023-12-10,5767918
5917,2023-12-11,5798748
5917,2023-12-12,5825210
5917,2023-12-13,5847923
5920,2023-12-08,677866
5920,2023-12-09,591317
5920,2023-12-10,509968
5920,2023-12-12,362245
5920,2023-12-13,295234
5920,2023-12-07,772479
5920,2023-12-11,433724
6025,2023-12-07,170297
6025,2023-12-08,170644
6025,2023-12-09,171103
6025,2023-12-10,171510
6025,2023-12-11,171874
6025,2023-12-12,172201
6025,2023-12-13,172493
6032,2023-12-10,11498988
6032,2023-12-11,11499010
6032,2023-12-12,11499009
6032,2023-12-13,11499009
6032,2023-12-09,11498916
6032,2023-12-08,11501967
6032,2023-12-07,11504126
6035,2023-12-12,576157
6035,2023-12-07,1157988
6035,2023-12-08,1044606
6035,2023-12-13,472041
6035,2023-12-10,799711
6035,2023-12-11,685300
6035,2023-12-09,919617
6040,2023-12-13,6915904
6040,2023-12-07,6947251
6040,2023-12-08,6928899
6040,2023-12-09,6927231
6040,2023-12-10,6923900
6040,2023-12-11,6921035
6040,2023-12-12,6918366
6041,2023-12-09,147797
6041,2023-12-10,143123
6041,2023-12-11,138813
6041,2023-12-12,134840
6041,2023-12-13,131176
6041,2023-12-07,158529
6041,2023-12-08,152861
6042,2023-12-07,108290
6042,2023-12-13,-225574
6042,2023-12-12,-174696
6042,2023-12-11,-121041
6042,2023-12-10,-65110
6042,2023-12-09,-7593
6042,2023-12-08,50598
6044,2023-12-12,647677
6044,2023-12-13,620557
6044,2023-12-11,675062
6044,2023-12-10,702714
6044,2023-12-09,730636
6044,2023-12-07,787770
6044,2023-12-08,758830
6046,2023-12-07,186570
6046,2023-12-08,187423
6046,2023-12-13,199820
6046,2023-12-12,198930
6046,2023-12-11,196992
6046,2023-12-09,190471
6046,2023-12-10,194018
6049,2023-12-08,768156
6049,2023-12-09,681105
6049,2023-12-10,600206
6049,2023-12-11,525306
6049,2023-12-07,858126
6049,2023-12-13,391828
6049,2023-12-12,455985
6053,2023-12-12,214934
6053,2023-12-11,212756
6053,2023-12-10,210241
6053,2023-12-07,200056
6053,2023-12-08,203992
6053,2023-12-09,207339
6053,2023-12-13,216821
6057,2023-12-13,3847364
6057,2023-12-09,3810134
6057,2023-12-10,3824910
6057,2023-12-07,3782294
6057,2023-12-08,3791686
6057,2023-12-11,3835350
6057,2023-12-12,3842503
6061,2023-12-13,255576
6061,2023-12-09,226949
6061,2023-12-08,218967
6061,2023-12-07,212212
6061,2023-12-12,249293
6061,2023-12-11,242400
6061,2023-12-10,234908
6064,2023-12-07,246502
6064,2023-12-09,261597
6064,2023-12-10,267803
6064,2023-12-11,273430
6064,2023-12-12,278532
6064,2023-12-13,283158
6064,2023-12-08,254766
6068,2023-12-07,240102
6068,2023-12-08,251594
6068,2023-12-09,266273
6068,2023-12-10,280083
6068,2023-12-11,292719
6068,2023-12-12,304246
6068,2023-12-13,314757
7024,2023-12-13,17821428
7024,2023-12-10,17821429
7024,2023-12-08,17821171
7024,2023-12-07,17820341
7024,2023-12-12,17821428
7024,2023-12-11,17821428
7024,2023-12-09,17821431
7025,2023-12-12,2292833
7025,2023-12-07,1914089
7025,2023-12-08,1991209
7025,2023-12-09,2073054
7025,2023-12-10,2150528
7025,2023-12-11,2223710
7025,2023-12-13,2358125
7775,2023-12-07,161622
7775,2023-12-08,162598
7775,2023-12-09,163088
7775,2023-12-10,163274
7775,2023-12-13,163210
7775,2023-12-11,163302
7775,2023-12-12,163263
7784,2023-12-13,7903165
7784,2023-12-07,7616659
7784,2023-12-12,7863205
7784,2023-12-08,7668214
7784,2023-12-09,7722710
7784,2023-12-10,7773252
7784,2023-12-11,7819989
7843,2023-12-07,9934808
7843,2023-12-09,9908381
7843,2023-12-10,9915113
7843,2023-12-12,9925739
7843,2023-12-13,9929778
7843,2023-12-08,9903096
7843,2023-12-11,9920899
7845,2023-12-13,189190
7845,2023-12-07,193702
7845,2023-12-08,192959
7845,2023-12-09,192170
7845,2023-12-10,191398
7845,2023-12-12,189908
7845,2023-12-11,190644
7893,2023-12-08,7136714
7893,2023-12-12,7435743
7893,2023-12-11,7370445
7893,2023-12-10,7299208
7893,2023-12-07,7044224
7893,2023-12-09,7221494
7893,2023-12-13,7495599
7910,2023-12-11,3242444
7910,2023-12-13,3222715
7910,2023-12-07,3299021
7910,2023-12-08,3282289
7910,2023-12-09,3267416
7910,2023-12-12,3231999
7910,2023-12-10,3254196
8171,2023-12-13,1205324
8171,2023-12-12,1280505
8171,2023-12-11,1364446
8171,2023-12-10,1458166
8171,2023-12-09,1562822
8171,2023-12-08,1679321
8171,2023-12-07,1816614
8952,2023-12-13,5283387
8952,2023-12-12,5312624
8952,2023-12-11,5347624
8952,2023-12-10,5389511
8952,2023-12-09,5439465
8952,2023-12-08,5496454
8952,2023-12-07,5522708
8953,2023-12-13,4353621
8953,2023-12-12,4352947
8953,2023-12-11,4352205
8953,2023-12-10,4351388
8953,2023-12-09,4350489
8953,2023-12-08,4349489
8953,2023-12-07,4345436
10024,2023-12-13,-396566
10024,2023-12-07,168510
10024,2023-12-08,63311
10024,2023-12-09,-39240
10024,2023-12-10,-136292
10024,2023-12-11,-228007
10024,2023-12-12,-314673
10212,2023-12-07,5889434
10212,2023-12-12,6021685
10212,2023-12-13,6042142
10212,2023-12-11,5999451
10212,2023-12-10,5975284
10212,2023-12-08,5920466
10212,2023-12-09,5949016
10214,2023-12-12,215688
10214,2023-12-11,212479
10214,2023-12-10,208985
10214,2023-12-09,205179
10214,2023-12-08,201035
10214,2023-12-07,196402
10214,2023-12-13,218635
11091,2023-12-07,15907804
11091,2023-12-08,15907395
11091,2023-12-13,15906975
11091,2023-12-12,15906990
11091,2023-12-11,15907019
11091,2023-12-10,15907075
11091,2023-12-09,15907184
11092,2023-12-07,2368960
11092,2023-12-08,2204906
11092,2023-12-13,1690479
11092,2023-12-09,2073619
11092,2023-12-10,1958027
11092,2023-12-11,1856806
11092,2023-12-12,1768142
11250,2023-12-08,1785959
11250,2023-12-09,1736912
11250,2023-12-11,1623563
11250,2023-12-13,1537959
11250,2023-12-10,1679827
11250,2023-12-07,1816762
11250,2023-12-12,1574853
11418,2023-12-13,230917
11418,2023-12-12,233900
11418,2023-12-11,236707
11418,2023-12-10,239281
11418,2023-12-09,241560
11418,2023-12-08,243479
11418,2023-12-07,244970
11680,2023-12-11,148589
11680,2023-12-09,152538
11680,2023-12-10,150507
11680,2023-12-12,146781
11680,2023-12-13,145076
11680,2023-12-07,156905
11680,2023-12-08,154703
11697,2023-12-09,5311758
11697,2023-12-13,4627145
11697,2023-12-12,4784649
11697,2023-12-11,4950921
11697,2023-12-10,5126450
11697,2023-12-07,5716798
11697,2023-12-08,5507238
11700,2023-12-09,7230623
11700,2023-12-10,7190940
11700,2023-12-11,7154334
11700,2023-12-12,7120567
11700,2023-12-13,7089419
11700,2023-12-07,7320279
11700,2023-12-08,7273643
11866,2023-12-08,10798769
11866,2023-12-07,10567713
11866,2023-12-10,11234832
11866,2023-12-11,11448847
11866,2023-12-12,11660284
11866,2023-12-13,11868638
11866,2023-12-09,11016603
11877,2023-12-13,115743
11877,2023-12-09,114086
11877,2023-12-07,139900
11877,2023-12-10,108182
11877,2023-12-11,106687
11877,2023-12-12,109321
11877,2023-12-08,124613
12900,2023-12-12,19047457
12900,2023-12-13,19047474
12900,2023-12-11,19047497
12900,2023-12-10,19047404
12900,2023-12-07,19047032
12900,2023-12-08,19047114
12900,2023-12-09,19047620
12902,2023-12-11,1640224
12902,2023-12-13,1543585
12902,2023-12-12,1589890
12902,2023-12-10,1694937
12902,2023-12-08,1819058
12902,2023-12-07,1888146
12902,2023-12-09,1754412
12911,2023-12-10,411668
12911,2023-12-11,377854
12911,2023-12-12,348393
12911,2023-12-09,450476
12911,2023-12-13,322723
12911,2023-12-07,546141
12911,2023-12-08,495017
12916,2023-12-13,4409290
12916,2023-12-07,4443921
12916,2023-12-08,4437580
12916,2023-12-09,4430381
12916,2023-12-10,4424035
12916,2023-12-11,4418466
12916,2023-12-12,4413579
12941,2023-12-13,2074538
12941,2023-12-12,2064140
12941,2023-12-11,2052515
12941,2023-12-10,2039518
12941,2023-12-09,2024988
12941,2023-12-07,1991398
12941,2023-12-08,2008749
12944,2023-12-12,1156740
12944,2023-12-07,1292398
12944,2023-12-13,1133974
12944,2023-12-08,1263708
12944,2023-12-09,1234723
12944,2023-12-11,1181080
12944,2023-12-10,1207073
12945,2023-12-07,1300784
12945,2023-12-08,1275524
12945,2023-12-09,1250190
12945,2023-12-10,1230288
12945,2023-12-13,1195962
12945,2023-12-11,1215338
12945,2023-12-12,1204217
12946,2023-12-12,243801
12946,2023-12-09,226964
12946,2023-12-08,220835
12946,2023-12-07,217973
12946,2023-12-13,248837
12946,2023-12-11,238486
12946,2023-12-10,232878
12947,2023-12-12,312402
12947,2023-12-08,351871
12947,2023-12-09,332209
12947,2023-12-10,323223
12947,2023-12-11,316535
12947,2023-12-13,309678
12947,2023-12-07,357119
12949,2023-12-13,163366
12949,2023-12-12,163209
12949,2023-12-11,163032
12949,2023-12-10,162834
12949,2023-12-09,162612
12949,2023-12-08,162362
12949,2023-12-07,162082
12951,2023-12-12,-240382
12951,2023-12-13,-323480
12951,2023-12-11,-149619
12951,2023-12-09,57881
12951,2023-12-10,-50495
12951,2023-12-08,174889
12951,2023-12-07,319282
13004,2023-12-07,164381
13004,2023-12-08,163552
13004,2023-12-09,162639
13004,2023-12-10,162009
13004,2023-12-11,161597
13004,2023-12-12,161329
13004,2023-12-13,161156
13005,2023-12-07,1951569
13005,2023-12-08,2145895
13005,2023-12-09,2361722
13005,2023-12-10,2596951
13005,2023-12-11,2849635
13005,2023-12-12,3117961
13005,2023-12-13,3400251
13014,2023-12-13,174838
13014,2023-12-12,175397
13014,2023-12-11,176020
13014,2023-12-10,176643
13014,2023-12-09,177044
13014,2023-12-08,176527
13014,2023-12-07,172967
13015,2023-12-08,6940483
13015,2023-12-12,5645663
13015,2023-12-10,6283585
13015,2023-12-09,6610602
13015,2023-12-11,5962045
13015,2023-12-07,7304417
13015,2023-12-13,5334375
13420,2023-12-09,1023171
13420,2023-12-08,1040732
13420,2023-12-10,1006875
13420,2023-12-11,991754
13420,2023-12-12,977724
13420,2023-12-13,964706
13420,2023-12-07,1059509
13697,2023-12-13,10180838
13697,2023-12-12,10180838
13697,2023-12-07,10180957
13697,2023-12-10,10180838
13697,2023-12-09,10180837
13697,2023-12-08,10180880
13697,2023-12-11,10180838
13702,2023-12-07,161240
13702,2023-12-12,155543
13702,2023-12-08,160208
13702,2023-12-09,158593
13702,2023-12-11,156150
13702,2023-12-13,155234
13702,2023-12-10,157162
13971,2023-12-07,160119
13971,2023-12-11,-506958
13971,2023-12-10,-337445
13971,2023-12-09,-165912
13971,2023-12-13,-838521
13971,2023-12-12,-674000
13971,2023-12-08,4957
14379,2023-12-13,168115
14379,2023-12-11,167941
14379,2023-12-10,167844
14379,2023-12-09,167740
14379,2023-12-08,167629
14379,2023-12-07,167537
14379,2023-12-12,168031
14500,2023-12-11,187310
14500,2023-12-13,187344
14500,2023-12-12,187332
14500,2023-12-10,187271
14500,2023-12-09,187203
14500,2023-12-07,187456
14500,2023-12-08,187023
14670,2023-12-13,311331
14670,2023-12-11,415008
14670,2023-12-07,626202
14670,2023-12-08,573778
14670,2023-12-09,520421
14670,2023-12-10,467496
14670,2023-12-12,362955
14691,2023-12-08,5554692
14691,2023-12-07,5031952
14691,2023-12-10,6645224
14691,2023-12-11,7152592
14691,2023-12-13,8086454
14691,2023-12-09,6110251
14691,2023-12-12,7632572
14762,2023-12-07,840371
14762,2023-12-08,793077
14762,2023-12-09,752329
14762,2023-12-13,638447
14762,2023-12-10,717219
14762,2023-12-11,686969
14762,2023-12-12,660904
14789,2023-12-09,12037456
14789,2023-12-08,12007995
14789,2023-12-11,12085012
14789,2023-12-07,11980168
14789,2023-12-13,12120512
14789,2023-12-10,12062969
14789,2023-12-12,12104057
14790,2023-12-08,177951
14790,2023-12-12,178451
14790,2023-12-07,185588
14790,2023-12-09,177797
14790,2023-12-11,178506
14790,2023-12-13,178489
14790,2023-12-10,178712
14791,2023-12-09,11471188
14791,2023-12-08,11377916
14791,2023-12-10,11561881
14791,2023-12-07,11258192
14791,2023-12-12,11732022
14791,2023-12-11,11648746
14791,2023-12-13,11811852
14796,2023-12-07,538698
14796,2023-12-12,597548
14796,2023-12-11,585891
14796,2023-12-13,608210
14796,2023-12-10,574886
14796,2023-12-09,562731
14796,2023-12-08,551380
14803,2023-12-12,176503
14803,2023-12-07,173881
14803,2023-12-08,176747
14803,2023-12-09,177111
14803,2023-12-10,176377
14803,2023-12-11,177031
14803,2023-12-13,176921
14811,2023-12-08,10634386
14811,2023-12-13,10654563
14811,2023-12-12,10654022
14811,2023-12-11,10652776
14811,2023-12-10,10649998
14811,2023-12-09,10644231
14811,2023-12-07,10628890
14839,2023-12-10,132716
14839,2023-12-11,126235
14839,2023-12-12,120312
14839,2023-12-13,114900
14839,2023-12-09,139807
14839,2023-12-08,147550
14839,2023-12-07,155745
14911,2023-12-13,9830178
14911,2023-12-12,9837228
14911,2023-12-11,9844950
14911,2023-12-10,9853407
14911,2023-12-07,9887287
14911,2023-12-08,9872874
14911,2023-12-09,9862672
15338,2023-12-09,8039249
15338,2023-12-12,8002971
15338,2023-12-13,7993094
15338,2023-12-08,8053966
15338,2023-12-10,8025935
15338,2023-12-11,8013882
15338,2023-12-07,8071759
15339,2023-12-10,174017
15339,2023-12-13,174901
15339,2023-12-07,171228
15339,2023-12-12,174687
15339,2023-12-11,174400
15339,2023-12-08,172880
15339,2023-12-09,173498
15342,2023-12-09,10842015
15342,2023-12-10,10844729
15342,2023-12-11,10847294
15342,2023-12-08,10838731
15342,2023-12-12,10849695
15342,2023-12-13,10851945
15342,2023-12-07,10842023
15344,2023-12-13,4735607
15344,2023-12-07,4395090
15344,2023-12-08,4475206
15344,2023-12-09,4558887
15344,2023-12-10,4622949
15344,2023-12-11,4671377
15344,2023-12-12,4707965
15345,2023-12-11,3810980
15345,2023-12-07,4726856
15345,2023-12-08,4471245
15345,2023-12-13,3614256
15345,2023-12-12,3695535
15345,2023-12-10,3973116
15345,2023-12-09,4194175
15566,2023-12-13,15678610
15566,2023-12-11,15092960
15566,2023-12-10,14799606
15566,2023-12-09,14505494
15566,2023-12-08,14213167
15566,2023-12-07,13907550
15566,2023-12-12,15385985
15693,2023-12-08,121663
15693,2023-12-09,104315
15693,2023-12-10,87680
15693,2023-12-11,71729
15693,2023-12-13,41769
15693,2023-12-12,56434
15693,2023-12-07,139756
15756,2023-12-11,4723366
15756,2023-12-08,4724580
15756,2023-12-09,4724111
15756,2023-12-07,4725129
15756,2023-12-12,4723071
15756,2023-12-13,4722820
15756,2023-12-10,4723709
16779,2023-12-10,261108
16779,2023-12-08,758393
16779,2023-12-13,-498268
16779,2023-12-12,-244922
16779,2023-12-11,10502
16779,2023-12-07,1056547
16779,2023-12-09,523111
16868,2023-12-13,4637674
16868,2023-12-11,4815887
16868,2023-12-07,5173340
16868,2023-12-08,5103003
16868,2023-12-10,4913954
16868,2023-12-12,4722918
16868,2023-12-09,5012324
16976,2023-12-12,13929262
16976,2023-12-10,13858697
16976,2023-12-09,13815798
16976,2023-12-13,13958151
16976,2023-12-07,13727133
16976,2023-12-08,13767132
16976,2023-12-11,13896302
17290,2023-12-12,1067254
17290,2023-12-11,1081520
17290,2023-12-10,1098259
17290,2023-12-08,1140940
17290,2023-12-07,1168560
17290,2023-12-13,1055096
17290,2023-12-09,1117898
17291,2023-12-08,808584
17291,2023-12-11,737030
17291,2023-12-10,759519
17291,2023-12-07,835323
17291,2023-12-13,695766
17291,2023-12-09,783344
17291,2023-12-12,715803
17452,2023-12-09,1527133
17452,2023-12-13,1161552
17452,2023-12-12,1252093
17452,2023-12-10,1434881
17452,2023-12-08,1619944
17452,2023-12-11,1343202
17452,2023-12-07,1711407
17453,2023-12-11,15540585
17453,2023-12-10,15540607
17453,2023-12-12,15540586
17453,2023-12-07,15536250
17453,2023-12-08,15538198
17453,2023-12-09,15540699
17453,2023-12-13,15540587
17459,2023-12-10,16242575
17459,2023-12-11,16242556
17459,2023-12-08,16242644
17459,2023-12-09,16242529
17459,2023-12-12,16242564
17459,2023-12-07,16241742
17459,2023-12-13,16242561
17461,2023-12-09,175496
17461,2023-12-11,176862
17461,2023-12-12,177423
17461,2023-12-13,177915
17461,2023-12-07,173630
17461,2023-12-08,174671
17461,2023-12-10,176224
17572,2023-12-07,2327317
17572,2023-12-08,2448257
17572,2023-12-10,2635478
17572,2023-12-11,2723495
17572,2023-12-12,2813561
17572,2023-12-13,2897896
17572,2023-12-09,2535047
17614,2023-12-12,115502
17614,2023-12-07,247731
17614,2023-12-11,135371
17614,2023-12-10,158122
17614,2023-12-08,214002
17614,2023-12-09,184173
17614,2023-12-13,98151
17615,2023-12-13,3087527
17615,2023-12-12,3163854
17615,2023-12-11,3248052
17615,2023-12-09,3443283
17615,2023-12-08,3551197
17615,2023-12-07,3687215
17615,2023-12-10,3340121
17620,2023-12-12,141007
17620,2023-12-09,173977
17620,2023-12-11,150698
17620,2023-12-08,186885
17620,2023-12-07,209188
17620,2023-12-13,132398
17620,2023-12-10,161586
17623,2023-12-07,5509888
17623,2023-12-08,5691778
17623,2023-12-13,6498682
17623,2023-12-12,6376464
17623,2023-12-11,6228470
17623,2023-12-09,5878375
17623,2023-12-10,6060094
17975,2023-12-13,4672902
17975,2023-12-12,4605694
17975,2023-12-08,4276214
17975,2023-12-11,4530416
17975,2023-12-10,4447934
17975,2023-12-09,4361035
17975,2023-12-07,4206991
17979,2023-12-11,4106109
17979,2023-12-13,4069797
17979,2023-12-10,4129279
17979,2023-12-09,4156603
17979,2023-12-08,4188893
17979,2023-12-07,4229172
17979,2023-12-12,4086460
17980,2023-12-10,2947289
17980,2023-12-09,3209380
17980,2023-12-08,3506658
17980,2023-12-07,3846990
17980,2023-12-13,2332945
17980,2023-12-12,2512528
17980,2023-12-11,2716230
17981,2023-12-13,-689328
17981,2023-12-07,79548
17981,2023-12-08,-50984
17981,2023-12-09,-185676
17981,2023-12-10,-317458
17981,2023-12-11,-445335
17981,2023-12-12,-569259
17989,2023-12-13,754121
17989,2023-12-12,776040
17989,2023-12-11,800235
17989,2023-12-10,826681
17989,2023-12-09,855250
17989,2023-12-08,885674
17989,2023-12-07,917494
18004,2023-12-13,14813354
18004,2023-12-07,13643771
18004,2023-12-12,14632662
18004,2023-12-11,14444618
18004,2023-12-10,14248924
18004,2023-12-09,14045296
18004,2023-12-08,13834291
18109,2023-12-13,10011803
18109,2023-12-12,9997524
18109,2023-12-11,9983037
18109,2023-12-09,9953427
18109,2023-12-08,9938297
18109,2023-12-07,9922947
18109,2023-12-10,9968339
18186,2023-12-11,12930016
18186,2023-12-13,12930015
18186,2023-12-12,12930015
18186,2023-12-10,12930007
18186,2023-12-08,12931553
18186,2023-12-07,12932699
18186,2023-12-09,12929972
18221,2023-12-13,15126662
18221,2023-12-11,15131223
18221,2023-12-07,15142132
18221,2023-12-08,15139158
18221,2023-12-09,15136355
18221,2023-12-10,15133713
18221,2023-12-12,15128875
18223,2023-12-08,10320126
18223,2023-12-11,10284455
18223,2023-12-12,10275781
18223,2023-12-10,10294581
18223,2023-12-13,10268351
18223,2023-12-07,10332567
18223,2023-12-09,10306399
18317,2023-12-07,5168549
18317,2023-12-08,5146586
18317,2023-12-09,5115364
18317,2023-12-10,5087620
18317,2023-12-11,5059540
18317,2023-12-12,5032249
18317,2023-12-13,5005399
18437,2023-12-07,1070150
18437,2023-12-08,1048208
18437,2023-12-09,1027655
18437,2023-12-10,1010832
18437,2023-12-11,997153
18437,2023-12-13,976999
18437,2023-12-12,986035
18465,2023-12-09,130634
18465,2023-12-10,124609
18465,2023-12-11,118845
18465,2023-12-12,113331
18465,2023-12-13,108055
18465,2023-12-08,136935
18465,2023-12-07,143311
18532,2023-12-13,-11925
18532,2023-12-07,315254
18532,2023-12-08,239712
18532,2023-12-09,175067
18532,2023-12-10,118532
18532,2023-12-11,69097
18532,2023-12-12,25871
18533,2023-12-10,574133
18533,2023-12-09,533274
18533,2023-12-13,671905
18533,2023-12-12,642991
18533,2023-12-07,438544
18533,2023-12-08,487467
18533,2023-12-11,610544
18555,2023-12-09,167090
18555,2023-12-10,165513
18555,2023-12-11,164080
18555,2023-12-12,162778
18555,2023-12-07,170739
18555,2023-12-13,161595
18555,2023-12-08,168827
19146,2023-12-13,7682102
19146,2023-12-12,7660162
19146,2023-12-11,7637492
19146,2023-12-10,7614069
19146,2023-12-07,7539017
19146,2023-12-09,7589866
19146,2023-12-08,7564857
19168,2023-12-10,4467092
19168,2023-12-08,4504725
19168,2023-12-09,4486068
19168,2023-12-11,4448272
19168,2023-12-12,4429594
19168,2023-12-13,4411057
19168,2023-12-07,4542517
19514,2023-12-07,1104143
19514,2023-12-08,1092216
19514,2023-12-09,1079624
19514,2023-12-10,1067775
19514,2023-12-11,1056655
19514,2023-12-12,1046221
19514,2023-12-13,1036430
19527,2023-12-13,1584156
19527,2023-12-07,1885281
19527,2023-12-08,1831992
19527,2023-12-09,1773546
19527,2023-12-10,1719726
19527,2023-12-11,1670469
19527,2023-12-12,1625397
19562,2023-12-09,20219959
19562,2023-12-13,20361069
19562,2023-12-12,20325910
19562,2023-12-11,20290672
19562,2023-12-10,20255355
19562,2023-12-08,20184484
19562,2023-12-07,20148930
19727,2023-12-13,7499982
19727,2023-12-07,7140022
19727,2023-12-08,7213784
19727,2023-12-09,7283435
19727,2023-12-10,7346258
19727,2023-12-11,7402894
19727,2023-12-12,7453953
19747,2023-12-08,8337649
19747,2023-12-13,8433970
19747,2023-12-07,8292449
19747,2023-12-12,8422067
19747,2023-12-09,8364946
19747,2023-12-11,8407159
19747,2023-12-10,8388616
19927,2023-12-07,145013
19927,2023-12-13,77216
19927,2023-12-12,86477
19927,2023-12-08,131457
19927,2023-12-11,96471
19927,2023-12-09,118896
19927,2023-12-10,107257
19977,2023-12-10,15482493
19977,2023-12-11,15519940
19977,2023-12-12,15557078
19977,2023-12-13,15593910
19977,2023-12-08,15406660
19977,2023-12-07,15368269
19977,2023-12-09,15444733
20107,2023-12-13,932644
20107,2023-12-12,917709
20107,2023-12-11,901122
20107,2023-12-07,813045
20107,2023-12-09,862242
20107,2023-12-08,839630
20107,2023-12-10,882704
20111,2023-12-12,225611
20111,2023-12-11,255098
20111,2023-12-08,366391
20111,2023-12-10,288133
20111,2023-12-09,325157
20111,2023-12-07,416500
20111,2023-12-13,199289
20131,2023-12-12,4204956
20131,2023-12-13,4371429
20131,2023-12-07,3113401
20131,2023-12-08,3370707
20131,2023-12-09,3607619
20131,2023-12-10,3824532
20131,2023-12-11,4023129
20320,2023-12-12,1330306
20320,2023-12-08,971408
20320,2023-12-07,921900
20320,2023-12-13,1388752
20320,2023-12-10,1162563
20320,2023-12-09,1062489
20320,2023-12-11,1254340
20346,2023-12-13,9063026
20346,2023-12-11,9034578
20346,2023-12-10,9014114
20346,2023-12-09,8987905
20346,2023-12-08,8954543
20346,2023-12-07,8926130
20346,2023-12-12,9050554
20481,2023-12-13,6563443
20481,2023-12-12,6732028
20481,2023-12-11,6914110
20481,2023-12-10,7110769
20481,2023-12-09,7323136
20481,2023-12-07,7752265
20481,2023-12-08,7551198
21592,2023-12-13,172175
21592,2023-12-12,172886
21592,2023-12-11,173656
21592,2023-12-10,174490
21592,2023-12-09,175394
21592,2023-12-08,176374
21592,2023-12-07,177435
22455,2023-12-08,3477730
22455,2023-12-09,3956245
22455,2023-12-10,4434757
22455,2023-12-11,4913267
22455,2023-12-12,5391775
22455,2023-12-13,5870281
22455,2023-12-07,2999213
22459,2023-12-13,99184
22459,2023-12-08,144562
22459,2023-12-10,121658
22459,2023-12-07,159334
22459,2023-12-11,112846
22459,2023-12-12,105428
22459,2023-12-09,132126
22471,2023-12-12,147029
22471,2023-12-13,145917
22471,2023-12-07,157124
22471,2023-12-11,148327
22471,2023-12-09,151612
22471,2023-12-10,149842
22471,2023-12-08,153718
22502,2023-12-07,11606995
22502,2023-12-08,11611079
22502,2023-12-09,11616116
22502,2023-12-10,11618878
22502,2023-12-11,11620354
22502,2023-12-12,11621141
22502,2023-12-13,11621561
22527,2023-12-13,5394495
22527,2023-12-12,5436255
22527,2023-12-11,5483174
22527,2023-12-09,5595058
22527,2023-12-08,5660534
22527,2023-12-10,5535887
22527,2023-12-07,5715101
22543,2023-12-13,231043
22543,2023-12-07,205547
22543,2023-12-08,210587
22543,2023-12-09,215433
22543,2023-12-10,219870
22543,2023-12-11,223930
22543,2023-12-12,227645
22547,2023-12-07,16031888
22547,2023-12-08,16033167
22547,2023-12-09,16034445
22547,2023-12-10,16033334
22547,2023-12-11,16034271
22547,2023-12-12,16033481
22547,2023-12-13,16034147
22591,2023-12-12,556
22591,2023-12-13,-23301
22591,2023-12-11,28164
22591,2023-12-10,60112
22591,2023-12-07,189076
22591,2023-12-08,139862
22591,2023-12-09,97082
22601,2023-12-13,15574113
22601,2023-12-12,15523175
22601,2023-12-11,15471757
22601,2023-12-07,15261195
22601,2023-12-09,15367463
22601,2023-12-08,15314578
22601,2023-12-10,15419855
22612,2023-12-12,2523864
22612,2023-12-07,2268034
22612,2023-12-08,2332688
22612,2023-12-09,2384757
22612,2023-12-10,2434177
22612,2023-12-11,2480465
22612,2023-12-13,2564551
22617,2023-12-07,526311
22617,2023-12-08,572828
22617,2023-12-09,627588
22617,2023-12-10,672275
22617,2023-12-11,706006
22617,2023-12-12,730921
22617,2023-12-13,749207
22618,2023-12-13,1824630
22618,2023-12-11,1917581
22618,2023-12-10,1968986
22618,2023-12-12,1869535
22618,2023-12-08,2082827
22618,2023-12-07,2146180
22618,2023-12-09,2023986
22619,2023-12-07,1282132
22619,2023-12-08,1136845
22619,2023-12-09,1005506
22619,2023-12-10,886776
22619,2023-12-11,779445
22619,2023-12-12,682417
22619,2023-12-13,594704
22620,2023-12-10,5610462
22620,2023-12-11,5603108
22620,2023-12-09,5593704
22620,2023-12-12,5617978
22620,2023-12-07,5583575
22620,2023-12-08,5602477
22620,2023-12-13,5611842
22623,2023-12-09,390240
22623,2023-12-10,399505
22623,2023-12-11,408105
22623,2023-12-12,416087
22623,2023-12-13,423496
22623,2023-12-08,380276
22623,2023-12-07,370149
22629,2023-12-12,174443
22629,2023-12-11,174527
22629,2023-12-13,174392
22629,2023-12-09,175099
22629,2023-12-08,176683
22629,2023-12-07,177097
22629,2023-12-10,174795
22668,2023-12-13,3936099
22668,2023-12-12,3972380
22668,2023-12-11,4013684
22668,2023-12-10,4060702
22668,2023-12-08,4173997
22668,2023-12-07,4228354
22668,2023-12-09,4114155
22672,2023-12-11,170374
22672,2023-12-13,171208
22672,2023-12-10,172994
22672,2023-12-09,176050
22672,2023-12-08,175238
22672,2023-12-12,170070
22672,2023-12-07,168206
22720,2023-12-07,5882505
22720,2023-12-08,5961493
22720,2023-12-09,6042132
22720,2023-12-10,6117691
22720,2023-12-11,6188314
22720,2023-12-12,6254320
22720,2023-12-13,6316009
22806,2023-12-12,179110
22806,2023-12-10,178185
22806,2023-12-09,177669
22806,2023-12-07,176515
22806,2023-12-11,178665
22806,2023-12-08,177113
22806,2023-12-13,179523
22877,2023-12-09,47884
22877,2023-12-08,122256
22877,2023-12-07,198667
22877,2023-12-13,-207488
22877,2023-12-11,-87901
22877,2023-12-12,-149596
22877,2023-12-10,-22155
22880,2023-12-11,166522
22880,2023-12-09,166411
22880,2023-12-12,166528
22880,2023-12-10,166494
22880,2023-12-07,166260
22880,2023-12-13,166529
22880,2023-12-08,166250
22930,2023-12-07,11516957
22930,2023-12-08,11504005
22930,2023-12-09,11491393
22930,2023-12-10,11492648
22930,2023-12-11,11492877
22930,2023-12-13,11492826
22930,2023-12-12,11492828
23002,2023-12-13,189895
23002,2023-12-12,189791
23002,2023-12-11,189633
23002,2023-12-10,189393
23002,2023-12-09,189029
23002,2023-12-08,188474
23002,2023-12-07,187631
23171,2023-12-09,1896209
23171,2023-12-08,1872382
23171,2023-12-07,1838775
23171,2023-12-11,1947046
23171,2023-12-12,1972215
23171,2023-12-13,1997278
23171,2023-12-10,1921863
23172,2023-12-07,162048
23172,2023-12-12,164862
23172,2023-12-13,152518
23172,2023-12-10,156612
23172,2023-12-09,164357
23172,2023-12-08,151759
23172,2023-12-11,155181
23173,2023-12-12,11317702
23173,2023-12-13,11678119
23173,2023-12-11,10955147
23173,2023-12-07,9576521
23173,2023-12-08,9900254
23173,2023-12-09,10241497
23173,2023-12-10,10594829
23184,2023-12-07,1707384
23184,2023-12-08,1930988
23184,2023-12-11,2565006
23184,2023-12-10,2369035
23184,2023-12-12,2745663
23184,2023-12-09,2157053
23184,2023-12-13,2912108
23327,2023-12-11,43634
23327,2023-12-12,-4381
23327,2023-12-10,96193
23327,2023-12-13,-48247
23327,2023-12-07,283181
23327,2023-12-08,216617
23327,2023-12-09,153722
23369,2023-12-11,8236984
23369,2023-12-12,8291900
23369,2023-12-13,8343441
23369,2023-12-09,8116148
23369,2023-12-08,8050481
23369,2023-12-07,8010406
23369,2023-12-10,8178473
24691,2023-12-12,149695
24691,2023-12-08,154034
24691,2023-12-07,156901
24691,2023-12-09,152024
24691,2023-12-13,149499
24691,2023-12-11,150077
24691,2023-12-10,150784
24706,2023-12-08,2754228
24706,2023-12-09,2666297
24706,2023-12-11,2523370
24706,2023-12-12,2466008
24706,2023-12-13,2416383
24706,2023-12-07,2829092
24706,2023-12-10,2589673
24726,2023-12-10,1008335
24726,2023-12-09,1117573
24726,2023-12-12,808985
24726,2023-12-13,718170
24726,2023-12-08,1232548
24726,2023-12-07,1329115
24726,2023-12-11,905585
24778,2023-12-10,180943
24778,2023-12-12,181993
24778,2023-12-07,176894
24778,2023-12-09,180048
24778,2023-12-13,182291
24778,2023-12-11,181563
24778,2023-12-08,178756
24789,2023-12-10,14876901
24789,2023-12-09,14872365
24789,2023-12-11,14879773
24789,2023-12-12,14881591
24789,2023-12-13,14882741
24789,2023-12-08,14865197
24789,2023-12-07,14853875
24790,2023-12-13,3855685
24790,2023-12-07,4459382
24790,2023-12-09,4228820
24790,2023-12-08,4344635
24790,2023-12-12,3936782
24790,2023-12-10,4122603
24790,2023-12-11,4025515
24792,2023-12-13,344981
24792,2023-12-12,386091
24792,2023-12-11,432216
24792,2023-12-09,541904
24792,2023-12-08,605957
24792,2023-12-07,669454
24792,2023-12-10,483958
25606,2023-12-13,9786164
25606,2023-12-10,9525502
25606,2023-12-09,9421215
25606,2023-12-08,9306966
25606,2023-12-07,9193749
25606,2023-12-12,9707196
25606,2023-12-11,9620557
25621,2023-12-12,435721
25621,2023-12-11,451865
25621,2023-12-09,492768
25621,2023-12-08,517519
25621,2023-12-07,545002
25621,2023-12-13,422347
25621,2023-12-10,470870
25630,2023-12-07,188079
25630,2023-12-08,183169
25630,2023-12-09,184710
25630,2023-12-10,183299
25630,2023-12-13,184088
25630,2023-12-12,183561
25630,2023-12-11,184286
25657,2023-12-11,-75990
25657,2023-12-07,899011
25657,2023-12-08,683391
25657,2023-12-09,444326
25657,2023-12-12,-343886
25657,2023-12-10,188912
25657,2023-12-13,-608756
25867,2023-12-09,3167413
25867,2023-12-07,2883598
25867,2023-12-12,3533982
25867,2023-12-08,3034337
25867,2023-12-10,3295914
25867,2023-12-13,3644472
25867,2023-12-11,3417867
25872,2023-12-13,10946651
25872,2023-12-12,10739915
25872,2023-12-09,10072005
25872,2023-12-07,9567306
25872,2023-12-08,9832811
25872,2023-12-11,10525426
25872,2023-12-10,10302892
25885,2023-12-10,165748
25885,2023-12-11,162532
25885,2023-12-13,157365
25885,2023-12-09,168940
25885,2023-12-12,159690
25885,2023-12-07,171183
25885,2023-12-08,171270
27298,2023-12-08,10720398
27298,2023-12-09,10719769
27298,2023-12-10,10719391
27298,2023-12-11,10719174
27298,2023-12-12,10719048
27298,2023-12-13,10718976
27298,2023-12-07,10720636
27333,2023-12-07,5442107
27333,2023-12-08,5437898
27333,2023-12-09,5435824
27333,2023-12-10,5433965
27333,2023-12-11,5432225
27333,2023-12-13,5429062
27333,2023-12-12,5430593
27422,2023-12-07,163769
27422,2023-12-08,165118
27422,2023-12-09,166046
27422,2023-12-10,166420
27422,2023-12-11,166653
27422,2023-12-12,166754
27422,2023-12-13,166813
27425,2023-12-07,9061417
27425,2023-12-13,10547959
27425,2023-12-08,9363650
27425,2023-12-12,10342449
27425,2023-12-09,9633974
27425,2023-12-10,9886536
27425,2023-12-11,10122322
27428,2023-12-13,275380
27428,2023-12-12,414126
27428,2023-12-07,1192098
27428,2023-12-10,707640
27428,2023-12-08,1023882
27428,2023-12-09,862817
27428,2023-12-11,558146
27510,2023-12-13,5322427
27510,2023-12-12,5196390
27510,2023-12-11,5060162
27510,2023-12-10,4912921
27510,2023-12-09,4753776
27510,2023-12-08,4581789
27510,2023-12-07,4401116
27517,2023-12-07,11944452
27517,2023-12-08,11944216
27517,2023-12-10,11944154
27517,2023-12-11,11944154
27517,2023-12-12,11944154
27517,2023-12-13,11944154
27517,2023-12-09,11944152
27518,2023-12-12,6195850
27518,2023-12-07,6005346
27518,2023-12-08,6049823
27518,2023-12-09,6097216
27518,2023-12-10,6137265
27518,2023-12-11,6169741
27518,2023-12-13,6216801
27520,2023-12-08,4087069
27520,2023-12-09,4066249
27520,2023-12-07,4102615
27520,2023-12-13,4002516
27520,2023-12-12,4015900
27520,2023-12-11,4030857
27520,2023-12-10,4047571
27523,2023-12-10,169394
27523,2023-12-08,167159
27523,2023-12-12,170091
27523,2023-12-13,170298
27523,2023-12-09,169318
27523,2023-12-11,170062
27523,2023-12-07,166981
27841,2023-12-07,161870
27841,2023-12-13,161154
27841,2023-12-08,161520
27841,2023-12-12,161215
27841,2023-12-11,161280
27841,2023-12-10,161350
27841,2023-12-09,161426
27852,2023-12-13,8801407
27852,2023-12-09,8941256
27852,2023-12-10,8903032
27852,2023-12-08,8981072
27852,2023-12-07,9033833
27852,2023-12-11,8867098
27852,2023-12-12,8833263
27865,2023-12-12,1113502
27865,2023-12-11,1149756
27865,2023-12-10,1192842
27865,2023-12-09,1232183
27865,2023-12-08,1286858
27865,2023-12-07,1324267
27865,2023-12-13,1077683
27874,2023-12-07,10333681
27874,2023-12-09,11221008
27874,2023-12-10,11651151
27874,2023-12-12,12506055
27874,2023-12-13,12933066
27874,2023-12-08,10801017
27874,2023-12-11,12078533
28274,2023-12-10,-16379
28274,2023-12-07,186004
28274,2023-12-08,114315
28274,2023-12-09,46114
28274,2023-12-12,-125848
28274,2023-12-13,-173688
28274,2023-12-11,-73550
28279,2023-12-09,121760
28279,2023-12-13,125626
28279,2023-12-12,124237
28279,2023-12-11,121552
28279,2023-12-08,133024
28279,2023-12-07,151504
28279,2023-12-10,119358
28280,2023-12-13,160446
28280,2023-12-07,160219
28280,2023-12-08,160310
28280,2023-12-09,160371
28280,2023-12-10,160405
28280,2023-12-12,160439
28280,2023-12-11,160426
28611,2023-12-13,11673586
28611,2023-12-08,11661757
28611,2023-12-12,11671896
28611,2023-12-11,11669924
28611,2023-12-10,11667623
28611,2023-12-09,11664937
28611,2023-12-07,11655653
28613,2023-12-10,2648589
28613,2023-12-12,2736519
28613,2023-12-13,2774145
28613,2023-12-11,2694814
28613,2023-12-07,2481837
28613,2023-12-09,2597355
28613,2023-12-08,2540665
28619,2023-12-11,2747584
28619,2023-12-12,2715764
28619,2023-12-07,2924937
28619,2023-12-08,2868421
28619,2023-12-09,2822870
28619,2023-12-10,2783078
28619,2023-12-13,2687202
28621,2023-12-10,1497689
28621,2023-12-11,1497565
28621,2023-12-08,1497989
28621,2023-12-12,1497455
28621,2023-12-13,1497359
28621,2023-12-07,1498170
28621,2023-12-09,1497829
28677,2023-12-08,167396
28677,2023-12-12,164094
28677,2023-12-09,169547
28677,2023-12-13,163109
28677,2023-12-11,166517
28677,2023-12-10,168942
28677,2023-12-07,163372
28773,2023-12-07,2244798
28773,2023-12-10,1826870
28773,2023-12-08,2096191
28773,2023-12-11,1704980
28773,2023-12-12,1590883
28773,2023-12-13,1484080
28773,2023-12-09,1957084
28774,2023-12-08,158746
28774,2023-12-13,156539
28774,2023-12-07,159308
28774,2023-12-11,157316
28774,2023-12-10,157755
28774,2023-12-09,158230
28774,2023-12-12,156912
28776,2023-12-07,159572
28776,2023-12-10,155919
28776,2023-12-11,155461
28776,2023-12-13,155135
28776,2023-12-12,155232
28776,2023-12-09,156724
28776,2023-12-08,157967
28778,2023-12-10,640159
28778,2023-12-11,517665
28778,2023-12-12,400149
28778,2023-12-13,287209
28778,2023-12-07,1050516
28778,2023-12-09,768382
28778,2023-12-08,903936
28784,2023-12-08,161555
28784,2023-12-09,-23568
28784,2023-12-12,-546946
28784,2023-12-07,348496
28784,2023-12-11,-379810
28784,2023-12-10,-204709
28784,2023-12-13,-704344
28790,2023-12-07,162675
28790,2023-12-08,166295
28790,2023-12-09,169359
28790,2023-12-10,171278
28790,2023-12-12,172111
28790,2023-12-11,172085
28790,2023-12-13,171742
28791,2023-12-07,178636
28791,2023-12-08,179115
28791,2023-12-09,180737
28791,2023-12-10,182390
28791,2023-12-11,183838
28791,2023-12-12,185060
28791,2023-12-13,186080
28794,2023-12-12,12422470
28794,2023-12-07,11646717
28794,2023-12-08,11822319
28794,2023-12-10,12120312
28794,2023-12-11,12269258
28794,2023-12-13,12573462
28794,2023-12-09,11962581
29111,2023-12-12,104417
29111,2023-12-10,156733
29111,2023-12-07,236171
29111,2023-12-08,211889
29111,2023-12-09,184821
29111,2023-12-11,129386
29111,2023-12-13,83255
29169,2023-12-07,205537
29169,2023-12-08,209513
29169,2023-12-09,213560
29169,2023-12-10,217303
29169,2023-12-11,220816
29169,2023-12-12,224105
29169,2023-12-13,227186
29205,2023-12-08,8665714
29205,2023-12-07,8669662
29205,2023-12-13,8662353
29205,2023-12-12,8662353
29205,2023-12-11,8662355
29205,2023-12-10,8662390
29205,2023-12-09,8662789
29222,2023-12-11,175167
29222,2023-12-12,173691
29222,2023-12-09,178342
29222,2023-12-08,179955
29222,2023-12-07,181525
29222,2023-12-10,176731
29222,2023-12-13,172336
29235,2023-12-11,13332071
29235,2023-12-08,13333043
29235,2023-12-07,13334011
29235,2023-12-09,13332065
29235,2023-12-13,13332071
29235,2023-12-10,13332070
29235,2023-12-12,13332071
29359,2023-12-09,153717
29359,2023-12-10,157336
29359,2023-12-11,154207
29359,2023-12-12,151404
29359,2023-12-07,152447
29359,2023-12-08,148116
29359,2023-12-13,153040
29402,2023-12-08,-25542
29402,2023-12-07,100800
29402,2023-12-12,-405331
29402,2023-12-13,-477955
29402,2023-12-09,-135736
29402,2023-12-10,-235159
29402,2023-12-11,-324693
29403,2023-12-10,-299195
29403,2023-12-11,-1239879
29403,2023-12-12,-2180562
29403,2023-12-13,-3121244
29403,2023-12-07,2513998
29403,2023-12-08,1582010
29403,2023-12-09,641484
31213,2023-12-13,3309641
31213,2023-12-10,3359089
31213,2023-12-08,3399844
31213,2023-12-09,3378597
31213,2023-12-11,3341180
31213,2023-12-07,3422986
31213,2023-12-12,3324737
31267,2023-12-11,271020
31267,2023-12-12,271308
31267,2023-12-13,271499
31267,2023-12-10,270582
31267,2023-12-07,267395
31267,2023-12-08,268916
31267,2023-12-09,269920
31355,2023-12-07,10258392
31355,2023-12-08,10262081
31355,2023-12-09,10257838
31355,2023-12-10,10261204
31355,2023-12-11,10257295
31355,2023-12-12,10260366
31355,2023-12-13,10256764
31478,2023-12-09,200793
31478,2023-12-12,201478
31478,2023-12-11,201361
31478,2023-12-07,199043
31478,2023-12-08,200159
31478,2023-12-13,201544
31478,2023-12-10,201155
31496,2023-12-07,3344217
31496,2023-12-08,3220704
31496,2023-12-13,2852005
31496,2023-12-12,2901469
31496,2023-12-11,2960868
31496,2023-12-09,3117849
31496,2023-12-10,3032196
33032,2023-12-08,210088
33032,2023-12-07,222629
33032,2023-12-11,178150
33032,2023-12-12,169401
33032,2023-12-13,161459
33032,2023-12-09,198399
33032,2023-12-10,187786
33734,2023-12-07,4217761
33734,2023-12-10,3868083
33734,2023-12-11,3770546
33734,2023-12-12,3675130
33734,2023-12-13,3581792
33734,2023-12-08,4067758
33734,2023-12-09,3967890
33896,2023-12-13,726035
33896,2023-12-09,739272
33896,2023-12-08,742125
33896,2023-12-10,735645
33896,2023-12-11,732279
33896,2023-12-12,729076
33896,2023-12-07,756450
35434,2023-12-12,182935
35434,2023-12-13,184581
35434,2023-12-07,172314
35434,2023-12-08,175232
35434,2023-12-09,177102
35434,2023-12-10,179291
35434,2023-12-11,181115
35924,2023-12-12,170228
35924,2023-12-07,170995
35924,2023-12-08,168090
35924,2023-12-09,170213
35924,2023-12-10,169827
35924,2023-12-11,170260
35924,2023-12-13,170322
35943,2023-12-08,166213
35943,2023-12-09,166357
35943,2023-12-10,165923
35943,2023-12-11,165197
35943,2023-12-12,164350
35943,2023-12-13,163481
35943,2023-12-07,165017
36046,2023-12-11,3449640
36046,2023-12-12,3412703
36046,2023-12-13,3374027
36046,2023-12-07,3552000
36046,2023-12-08,3536129
36046,2023-12-09,3512802
36046,2023-12-10,3483483
36048,2023-12-13,182368
36048,2023-12-11,179722
36048,2023-12-10,178321
36048,2023-12-09,176872
36048,2023-12-08,175377
36048,2023-12-07,173840
36048,2023-12-12,181072
36084,2023-12-11,5564826
36084,2023-12-07,5161220
36084,2023-12-08,5233147
36084,2023-12-09,5330372
36084,2023-12-10,5442944
36084,2023-12-13,5823309
36084,2023-12-12,5692355
36321,2023-12-11,8795239
36321,2023-12-10,8572521
36321,2023-12-09,8331912
36321,2023-12-12,9001387
36321,2023-12-07,7795175
36321,2023-12-13,9192199
36321,2023-12-08,8072162
36332,2023-12-07,976101
36332,2023-12-08,919156
36332,2023-12-13,656911
36332,2023-12-12,704265
36332,2023-12-10,807832
36332,2023-12-11,754766
36332,2023-12-09,862844
36344,2023-12-10,186494
36344,2023-12-11,188405
36344,2023-12-12,189930
36344,2023-12-08,181945
36344,2023-12-09,184270
36344,2023-12-07,179943
36344,2023-12-13,191073
36371,2023-12-13,14353927
36371,2023-12-07,14436271
36371,2023-12-08,14424064
36371,2023-12-09,14407584
36371,2023-12-10,14392406
36371,2023-12-11,14378471
36371,2023-12-12,14365675
36376,2023-12-07,1186052
36376,2023-12-13,1215798
36376,2023-12-08,1193181
36376,2023-12-09,1199255
36376,2023-12-10,1204431
36376,2023-12-11,1208840
36376,2023-12-12,1212597
36377,2023-12-12,4602109
36377,2023-12-11,4619460
36377,2023-12-10,4637420
36377,2023-12-09,4656064
36377,2023-12-08,4674698
36377,2023-12-07,4703040
36377,2023-12-13,4585351
40029,2023-12-07,2220751
40029,2023-12-11,1851534
40029,2023-12-12,1777050
40029,2023-12-13,1713687
40029,2023-12-10,1937202
40029,2023-12-08,2131034
40029,2023-12-09,2032234
40031,2023-12-12,161728
40031,2023-12-07,166003
40031,2023-12-10,164934
40031,2023-12-09,160994
40031,2023-12-08,157001
40031,2023-12-13,163970
40031,2023-12-11,157221
40032,2023-12-13,17792775
40032,2023-12-11,15545970
40032,2023-12-08,12175056
40032,2023-12-07,11051230
40032,2023-12-12,16669419
40032,2023-12-10,14422426
40032,2023-12-09,13298788
40089,2023-12-07,4347631
40089,2023-12-08,4893506
40089,2023-12-09,5562522
40089,2023-12-13,8079869
40089,2023-12-10,6242278
40089,2023-12-12,7507787
40089,2023-12-11,6894557
40090,2023-12-10,5230688
40090,2023-12-07,4891587
40090,2023-12-08,4986652
40090,2023-12-13,5485475
40090,2023-12-11,5329887
40090,2023-12-09,5114880
40090,2023-12-12,5414099
40093,2023-12-11,9609234
40093,2023-12-13,9631135
40093,2023-12-12,9620574
40093,2023-12-07,9554867
40093,2023-12-08,9569943
40093,2023-12-09,9583982
40093,2023-12-10,9597057
40094,2023-12-12,169383
40094,2023-12-11,168439
40094,2023-12-10,167412
40094,2023-12-08,165030
40094,2023-12-07,164184
40094,2023-12-13,170254
40094,2023-12-09,166313
40095,2023-12-07,10266624
40095,2023-12-08,10313509
40095,2023-12-09,10364541
40095,2023-12-10,10413535
40095,2023-12-11,10461513
40095,2023-12-12,10508342
40095,2023-12-13,10554074
40099,2023-12-09,1155893
40099,2023-12-11,1243158
40099,2023-12-10,1205190
40099,2023-12-07,1005367
40099,2023-12-08,1103106
40099,2023-12-12,1274212
40099,2023-12-13,1299119
40105,2023-12-08,168571
40105,2023-12-07,174084
40105,2023-12-09,163028
40105,2023-12-11,152578
40105,2023-12-13,142913
40105,2023-12-10,157701
40105,2023-12-12,147651
40147,2023-12-13,11054093
40147,2023-12-12,11053179
40147,2023-12-07,11046240
40147,2023-12-08,11047140
40147,2023-12-09,11049102
40147,2023-12-10,11050729
40147,2023-12-11,11052071
40164,2023-12-07,160946
40164,2023-12-08,156092
40164,2023-12-09,154711
40164,2023-12-10,151737
40164,2023-12-11,149903
40164,2023-12-13,145935
40164,2023-12-12,147702
40166,2023-12-13,8549836
40166,2023-12-12,8549837
40166,2023-12-08,8561407
40166,2023-12-09,8548698
40166,2023-12-10,8549692
40166,2023-12-07,8571464
40166,2023-12-11,8549867
48185,2023-12-13,639816
48185,2023-12-12,602094
48185,2023-12-09,474796
48185,2023-12-10,519702
48185,2023-12-08,427709
48185,2023-12-11,562101
48185,2023-12-07,383672
48188,2023-12-13,128827
48188,2023-12-11,143661
48188,2023-12-12,135960
48188,2023-12-10,151975
48188,2023-12-08,170525
48188,2023-12-07,179163
48188,2023-12-09,160944
48194,2023-12-13,163115
48194,2023-12-12,163684
48194,2023-12-07,174922
48194,2023-12-08,170893
48194,2023-12-09,167876
48194,2023-12-10,165870
48194,2023-12-11,164551
48202,2023-12-07,159395
48202,2023-12-08,161115
48202,2023-12-09,159729
48202,2023-12-10,161077
48202,2023-12-11,159820
48202,2023-12-12,161003
48202,2023-12-13,159892
48203,2023-12-09,193330
48203,2023-12-13,121799
48203,2023-12-12,137888
48203,2023-12-07,234686
48203,2023-12-08,214381
48203,2023-12-11,155119
48203,2023-12-10,173573
48205,2023-12-10,4121601
48205,2023-12-11,4150650
48205,2023-12-07,4023920
48205,2023-12-13,4203216
48205,2023-12-09,4090538
48205,2023-12-12,4177814
48205,2023-12-08,4057341
48208,2023-12-11,197256
48208,2023-12-12,196951
48208,2023-12-13,196734
48208,2023-12-07,199253
48208,2023-12-08,199961
48208,2023-12-10,197771
48208,2023-12-09,198311
48486,2023-12-07,166264
48486,2023-12-11,164017
48486,2023-12-13,162699
48486,2023-12-12,163336
48486,2023-12-10,164743
48486,2023-12-09,165508
48486,2023-12-08,166236
48537,2023-12-13,1637350
48537,2023-12-07,1971521
48537,2023-12-08,1892041
48537,2023-12-09,1821130
48537,2023-12-10,1761891
48537,2023-12-12,1671520
48537,2023-12-11,1712572
48556,2023-12-13,5806770
48556,2023-12-11,6014747
48556,2023-12-10,6127932
48556,2023-12-08,6374274
48556,2023-12-07,6494604
48556,2023-12-12,5907808
48556,2023-12-09,6247724
48575,2023-12-11,11658280
48575,2023-12-08,11490417
48575,2023-12-07,11423351
48575,2023-12-13,11768073
48575,2023-12-12,11713498
48575,2023-12-09,11545667
48575,2023-12-10,11602520
48576,2023-12-07,215713
48576,2023-12-08,212793
48576,2023-12-09,221622
48576,2023-12-10,222272
48576,2023-12-11,223813
48576,2023-12-13,224412
48576,2023-12-12,224118
48612,2023-12-07,172562
48612,2023-12-08,172492
48612,2023-12-09,173240
48612,2023-12-10,173970
48612,2023-12-11,174656
48612,2023-12-12,175301
48612,2023-12-13,175906
48616,2023-12-12,12412394
48616,2023-12-13,12439446
48616,2023-12-09,12318141
48616,2023-12-11,12383267
48616,2023-12-10,12351906
48616,2023-12-08,12281866
48616,2023-12-07,12249546
48617,2023-12-12,1564798
48617,2023-12-13,1552320
48617,2023-12-10,1595098
48617,2023-12-09,1613417
48617,2023-12-08,1634239
48617,2023-12-07,1658026
48617,2023-12-11,1578980
48620,2023-12-13,169650
48620,2023-12-11,169602
48620,2023-12-10,169635
48620,2023-12-09,169947
48620,2023-12-12,169633
48620,2023-12-08,170623
48620,2023-12-07,170405
48626,2023-12-08,186995
48626,2023-12-09,190098
48626,2023-12-10,186378
48626,2023-12-11,189460
48626,2023-12-12,187169
48626,2023-12-13,188799
48626,2023-12-07,184557
48657,2023-12-07,10207562
48657,2023-12-13,10207945
48657,2023-12-12,10207945
48657,2023-12-11,10207947
48657,2023-12-10,10207937
48657,2023-12-08,10207786
48657,2023-12-09,10207982
48672,2023-12-10,177987
48672,2023-12-08,180567
48672,2023-12-09,178118
48672,2023-12-11,177458
48672,2023-12-12,177449
48672,2023-12-13,177334
48672,2023-12-07,181585
48684,2023-12-13,21237449
48684,2023-12-11,21237450
48684,2023-12-10,21237445
48684,2023-12-09,21237470
48684,2023-12-12,21237449
48684,2023-12-08,21237352
48684,2023-12-07,21237342
48920,2023-12-07,6681504
48920,2023-12-09,6674031
48920,2023-12-11,6672990
48920,2023-12-12,6672965
48920,2023-12-13,6672962
48920,2023-12-08,6677490
48920,2023-12-10,6673153
48935,2023-12-10,7726990
48935,2023-12-12,7551369
48935,2023-12-08,7912223
48935,2023-12-09,7818416
48935,2023-12-13,7467044
48935,2023-12-07,8011857
48935,2023-12-11,7637997
48937,2023-12-07,160232
48937,2023-12-09,160604
48937,2023-12-10,160775
48937,2023-12-11,160937
48937,2023-12-12,161089
48937,2023-12-08,160422
48937,2023-12-13,161233
48950,2023-12-07,9028619
48950,2023-12-08,8929362
48950,2023-12-09,8821358
48950,2023-12-10,8723225
48950,2023-12-11,8634309
48950,2023-12-12,8553747
48950,2023-12-13,8480755
48960,2023-12-07,183304
48960,2023-12-08,183796
48960,2023-12-09,184347
48960,2023-12-10,184784
48960,2023-12-11,185123
48960,2023-12-12,185386
48960,2023-12-13,185588
48964,2023-12-13,159465
48964,2023-12-12,159477
48964,2023-12-10,159528
48964,2023-12-11,159497
48964,2023-12-08,159658
48964,2023-12-07,159787
48964,2023-12-09,159578
49040,2023-12-07,185101
49040,2023-12-08,185630
49040,2023-12-09,186168
49040,2023-12-10,186494
49040,2023-12-11,186659
49040,2023-12-12,186734
49040,2023-12-13,186765
49077,2023-12-12,161096
49077,2023-12-13,161104
49077,2023-12-11,161086
49077,2023-12-08,160860
49077,2023-12-09,161010
49077,2023-12-10,161053
49077,2023-12-07,160685
49092,2023-12-12,372254
49092,2023-12-11,366293
49092,2023-12-10,357612
49092,2023-12-13,376332
49092,2023-12-08,328484
49092,2023-12-07,312800
49092,2023-12-09,345171
49101,2023-12-07,1725575
49101,2023-12-08,1523308
49101,2023-12-09,1344004
49101,2023-12-10,1169730
49101,2023-12-11,1002063
49101,2023-12-12,840578
49101,2023-12-13,685065
49111,2023-12-12,222032
49111,2023-12-13,224577
49111,2023-12-11,219218
49111,2023-12-08,208862
49111,2023-12-09,212667
49111,2023-12-07,204660
49111,2023-12-10,216107
49275,2023-12-07,947543
49275,2023-12-12,659909
49275,2023-12-11,713166
49275,2023-12-13,608401
49275,2023-12-09,825170
49275,2023-12-08,884023
49275,2023-12-10,768232
49279,2023-12-07,177935
49279,2023-12-09,176951
49279,2023-12-10,176401
49279,2023-12-11,176656
49279,2023-12-12,176538
49279,2023-12-13,176592
49279,2023-12-08,175737
49288,2023-12-11,360069
49288,2023-12-13,343344
49288,2023-12-12,351100
49288,2023-12-10,370443
49288,2023-12-08,396577
49288,2023-12-07,414580
49288,2023-12-09,382466
49292,2023-12-12,913713
49292,2023-12-11,861048
49292,2023-12-10,803571
49292,2023-12-13,961970
49292,2023-12-08,672384
49292,2023-12-07,597671
49292,2023-12-09,740843
49296,2023-12-07,3563821
49296,2023-12-08,2811853
49296,2023-12-09,1980099
49296,2023-12-10,1163561
49296,2023-12-11,405138
49296,2023-12-12,-279003
49296,2023-12-13,-886052
49329,2023-12-12,175515
49329,2023-12-13,175569
49329,2023-12-11,175458
49329,2023-12-08,175209
49329,2023-12-09,175334
49329,2023-12-07,175970
49329,2023-12-10,175396
49336,2023-12-07,3789606
49336,2023-12-08,3730649
49336,2023-12-09,3675104
49336,2023-12-10,3622775
49336,2023-12-11,3573476
49336,2023-12-12,3527031
49336,2023-12-13,3483275
49341,2023-12-13,10110366
49341,2023-12-12,10119750
49341,2023-12-11,10129781
49341,2023-12-08,10163886
49341,2023-12-09,10151988
49341,2023-12-07,10183131
49341,2023-12-10,10140504
49343,2023-12-12,179614
49343,2023-12-13,179526
49343,2023-12-10,179956
49343,2023-12-11,179749
49343,2023-12-09,180272
49343,2023-12-08,180758
49343,2023-12-07,181548
49348,2023-12-12,1203378
49348,2023-12-11,1199886
49348,2023-12-10,1203564
49348,2023-12-13,1200063
49348,2023-12-08,1203771
49348,2023-12-07,1199473
49348,2023-12-09,1199690
49350,2023-12-07,134452
49350,2023-12-08,126140
49350,2023-12-09,132338
49350,2023-12-10,140334
49350,2023-12-11,142848
49350,2023-12-12,140849
49350,2023-12-13,138348
49382,2023-12-11,68509
49382,2023-12-12,63490
49382,2023-12-10,82588
49382,2023-12-08,134600
49382,2023-12-09,105054
49382,2023-12-13,67546
49382,2023-12-07,169355
49424,2023-12-07,332569
49424,2023-12-08,342972
49424,2023-12-09,352722
49424,2023-12-10,355789
49424,2023-12-11,360119
49424,2023-12-12,360675
49424,2023-12-13,362790
51060,2023-12-13,181098
51060,2023-12-12,181284
51060,2023-12-11,181504
51060,2023-12-07,183714
51060,2023-12-09,182094
51060,2023-12-08,182208
51060,2023-12-10,181748
51135,2023-12-12,7932828
51135,2023-12-13,7998921
51135,2023-12-11,7858807
51135,2023-12-09,7683721
51135,2023-12-08,7581952
51135,2023-12-07,7473396
51135,2023-12-10,7776009
51137,2023-12-13,164442
51137,2023-12-11,165721
51137,2023-12-10,166736
51137,2023-12-12,164981
51137,2023-12-08,170044
51137,2023-12-07,172672
51137,2023-12-09,168130
51566,2023-12-12,7041386
51566,2023-12-07,5090753
51566,2023-12-08,5513236
51566,2023-12-09,5863514
51566,2023-12-10,6276804
51566,2023-12-11,6635098
51566,2023-12-13,7405783
51903,2023-12-10,163872
51903,2023-12-11,146743
51903,2023-12-13,119533
51903,2023-12-12,131967
51903,2023-12-08,205216
51903,2023-12-07,229431
51903,2023-12-09,183362
51915,2023-12-07,177120
51915,2023-12-08,178246
51915,2023-12-09,179718
51915,2023-12-10,178745
51915,2023-12-11,178075
51915,2023-12-12,178791
51915,2023-12-13,179039
51992,2023-12-13,7773207
51992,2023-12-12,7775196
51992,2023-12-11,7777422
51992,2023-12-10,7779914
51992,2023-12-09,7782700
51992,2023-12-08,7785631
51992,2023-12-07,7780323
52043,2023-12-07,236572
52043,2023-12-08,238269
52043,2023-12-09,239872
52043,2023-12-10,241295
52043,2023-12-11,242516
52043,2023-12-12,243543
52043,2023-12-13,244397
52044,2023-12-13,11400002
52044,2023-12-12,11351526
52044,2023-12-11,11293682
52044,2023-12-10,11224666
52044,2023-12-08,11045918
52044,2023-12-07,10967883
52044,2023-12-09,11142391
52117,2023-12-07,169561
52117,2023-12-08,168673
52117,2023-12-09,167838
52117,2023-12-10,168725
52117,2023-12-11,168083
52117,2023-12-12,168499
52117,2023-12-13,168241
52130,2023-12-13,2800421
52130,2023-12-11,2803923
52130,2023-12-10,2805716
52130,2023-12-09,2807537
52130,2023-12-07,2811269
52130,2023-12-08,2809388
52130,2023-12-12,2802158
52131,2023-12-13,173281
52131,2023-12-12,173173
52131,2023-12-11,173216
52131,2023-12-10,173424
52131,2023-12-09,173807
52131,2023-12-08,174367
52131,2023-12-07,175102
52188,2023-12-09,978830
52188,2023-12-10,807516
52188,2023-12-08,1162612
52188,2023-12-11,647823
52188,2023-12-07,1359770
52188,2023-12-12,498963
52188,2023-12-13,360202
52371,2023-12-07,170273
52371,2023-12-08,171330
52371,2023-12-09,172682
52371,2023-12-10,173922
52371,2023-12-11,175027
52371,2023-12-12,176008
52371,2023-12-13,176879
52372,2023-12-08,12503050
52372,2023-12-07,12609754
52372,2023-12-09,12358399
52372,2023-12-13,11789008
52372,2023-12-12,11928511
52372,2023-12-11,12069922
52372,2023-12-10,12213257
52377,2023-12-12,160613
52377,2023-12-11,160968
52377,2023-12-08,164511
52377,2023-12-09,162661
52377,2023-12-10,161587
52377,2023-12-13,160411
52377,2023-12-07,167667
52404,2023-12-12,197879
52404,2023-12-11,191404
52404,2023-12-13,196536
52404,2023-12-07,192200
52404,2023-12-08,192431
52404,2023-12-10,194602
52404,2023-12-09,199394
53091,2023-12-10,169747
53091,2023-12-11,170167
53091,2023-12-08,168775
53091,2023-12-07,169411
53091,2023-12-12,170340
53091,2023-12-09,169152
53091,2023-12-13,170344
53092,2023-12-08,164354
53092,2023-12-09,115271
53092,2023-12-10,68194
53092,2023-12-11,23046
53092,2023-12-12,-20250
53092,2023-12-13,-61774
53092,2023-12-07,216300
53093,2023-12-13,79785
53093,2023-12-07,147261
53093,2023-12-10,111220
53093,2023-12-11,100257
53093,2023-12-09,122697
53093,2023-12-08,134711
53093,2023-12-12,89786
53095,2023-12-10,10565231
53095,2023-12-08,11175920
53095,2023-12-09,10884440
53095,2023-12-12,9868351
53095,2023-12-07,11432278
53095,2023-12-13,9500955
53095,2023-12-11,10224693
53096,2023-12-07,3890011
53096,2023-12-08,3592600
53096,2023-12-09,3220293
53096,2023-12-10,2811524
53096,2023-12-13,1745718
53096,2023-12-12,2040182
53096,2023-12-11,2405833
53097,2023-12-13,162030
53097,2023-12-07,161123
53097,2023-12-08,161518
53097,2023-12-09,161780
53097,2023-12-11,161975
53097,2023-12-12,162010
53097,2023-12-10,161905
53098,2023-12-13,7458604
53098,2023-12-12,7131470
53098,2023-12-07,5489731
53098,2023-12-11,6802406
53098,2023-12-10,6471400
53098,2023-12-08,5804321
53098,2023-12-09,6138466
53099,2023-12-13,4653940
53099,2023-12-08,6544921
53099,2023-12-09,6160583
53099,2023-12-10,5779291
53099,2023-12-11,5401103
53099,2023-12-12,5025994
53099,2023-12-07,6923922
53100,2023-12-07,1787964
53100,2023-12-08,1702121
53100,2023-12-09,1621135
53100,2023-12-10,1544731
53100,2023-12-11,1472649
53100,2023-12-12,1404646
53100,2023-12-13,1340490
53101,2023-12-12,163265
53101,2023-12-11,164347
53101,2023-12-10,165667
53101,2023-12-09,167284
53101,2023-12-08,169342
53101,2023-12-13,162379
53101,2023-12-07,173006
53102,2023-12-09,13000599
53102,2023-12-08,12635408
53102,2023-12-10,13385318
53102,2023-12-11,13753158
53102,2023-12-12,14117244
53102,2023-12-13,14473103
53102,2023-12-07,12186703
53103,2023-12-13,160308
53103,2023-12-07,159548
53103,2023-12-08,162860
53103,2023-12-09,160038
53103,2023-12-10,162749
53103,2023-12-11,160182
53103,2023-12-12,162617
53104,2023-12-12,159068
53104,2023-12-07,153903
53104,2023-12-10,156851
53104,2023-12-09,155332
53104,2023-12-08,153892
53104,2023-12-13,159781
53104,2023-12-11,158107
53105,2023-12-10,6160122
53105,2023-12-12,6703719
53105,2023-12-13,6975535
53105,2023-12-07,5318918
53105,2023-12-11,6431885
53105,2023-12-09,5887755
53105,2023-12-08,5619808
53106,2023-12-07,195678
53106,2023-12-08,194102
53106,2023-12-09,192728
53106,2023-12-10,191570
53106,2023-12-12,189761
53106,2023-12-13,189060
53106,2023-12-11,190590
53107,2023-12-13,12689529
53107,2023-12-08,11699020
53107,2023-12-09,11893451
53107,2023-12-10,12097040
53107,2023-12-11,12291491
53107,2023-12-12,12495057
53107,2023-12-07,11495410
53109,2023-12-08,153096
53109,2023-12-07,156613
53109,2023-12-09,149761
53109,2023-12-10,146599
53109,2023-12-11,143601
53109,2023-12-12,140758
53109,2023-12-13,138063
53110,2023-12-07,6220678
53110,2023-12-08,6168120
53110,2023-12-09,6132041
53110,2023-12-10,6095891
53110,2023-12-11,6063097
53110,2023-12-12,6032641
53110,2023-12-13,6004517
53111,2023-12-07,13317496
53111,2023-12-08,13492994
53111,2023-12-09,13648864
53111,2023-12-10,13804746
53111,2023-12-11,13959462
53111,2023-12-12,14113091
53111,2023-12-13,14265637
53113,2023-12-13,9630583
53113,2023-12-12,9559953
53113,2023-12-11,9484585
53113,2023-12-10,9404163
53113,2023-12-09,9318403
53113,2023-12-07,9141355
53113,2023-12-08,9227664
53114,2023-12-07,22415501
53114,2023-12-08,22415504
53114,2023-12-09,22415366
53114,2023-12-10,22415366
53114,2023-12-11,22415366
53114,2023-12-12,22415366
53114,2023-12-13,22415366
53143,2023-12-11,1120899
53143,2023-12-09,1056247
53143,2023-12-10,1100630
53143,2023-12-12,1126648
53143,2023-12-08,991492
53143,2023-12-13,1126462
53143,2023-12-07,959580
53144,2023-12-12,187627
53144,2023-12-09,182274
53144,2023-12-07,177502
53144,2023-12-10,184200
53144,2023-12-11,185981
53144,2023-12-08,180203
53144,2023-12-13,189148
53340,2023-12-10,271239
53340,2023-12-11,268842
53340,2023-12-13,264589
53340,2023-12-12,266663
53340,2023-12-07,273164
53340,2023-12-09,273368
53340,2023-12-08,277518
53409,2023-12-08,204859
53409,2023-12-09,198709
53409,2023-12-07,210444
53409,2023-12-10,192771
53409,2023-12-11,187050
53409,2023-12-12,181540
53409,2023-12-13,176232
53414,2023-12-07,2193213
53414,2023-12-08,2109540
53414,2023-12-13,1751833
53414,2023-12-12,1819151
53414,2023-12-11,1888576
53414,2023-12-10,1960159
53414,2023-12-09,2034088
53433,2023-12-13,173378
53433,2023-12-12,172765
53433,2023-12-11,173204
53433,2023-12-10,172226
53433,2023-12-09,172356
53433,2023-12-08,170302
53433,2023-12-07,168822
53434,2023-12-07,223072
53434,2023-12-08,226536
53434,2023-12-09,212744
53434,2023-12-10,210689
53434,2023-12-13,215017
53434,2023-12-12,220919
53434,2023-12-11,219713
54817,2023-12-07,1935192
54817,2023-12-08,1758278
54817,2023-12-12,1755858
54817,2023-12-11,1836853
54817,2023-12-10,1772787
54817,2023-12-09,1652862
54817,2023-12-13,1717251
54818,2023-12-08,1881674
54818,2023-12-09,1721914
54818,2023-12-10,1562735
54818,2023-12-11,1405882
54818,2023-12-12,1251121
54818,2023-12-07,2057550
54818,2023-12-13,1098449
54831,2023-12-07,161675
54831,2023-12-08,159588
54831,2023-12-09,158086
54831,2023-12-10,157005
54831,2023-12-11,156228
54831,2023-12-12,155668
54831,2023-12-13,155266
54833,2023-12-10,181651
54833,2023-12-08,179632
54833,2023-12-07,187358
54833,2023-12-09,187509
54833,2023-12-13,182736
54833,2023-12-12,184371
54833,2023-12-11,184597
54834,2023-12-07,9619622
54834,2023-12-13,9510590
54834,2023-12-12,9527459
54834,2023-12-11,9544830
54834,2023-12-10,9562715
54834,2023-12-09,9581132
54834,2023-12-08,9600096
54853,2023-12-07,210244
54853,2023-12-13,246173
54853,2023-12-08,220715
54853,2023-12-09,233094
54853,2023-12-10,238676
54853,2023-12-11,242609
54853,2023-12-12,244800
54868,2023-12-09,16360826
54868,2023-12-10,16551914
54868,2023-12-11,16736296
54868,2023-12-12,16927370
54868,2023-12-08,16176457
54868,2023-12-07,15985356
54868,2023-12-13,17111765
54896,2023-12-09,11429895
54896,2023-12-10,11455733
54896,2023-12-11,11480049
54896,2023-12-12,11502934
54896,2023-12-13,11524471
54896,2023-12-07,11373258
54896,2023-12-08,11402441
54897,2023-12-07,202529
54897,2023-12-08,214740
54897,2023-12-09,226516
54897,2023-12-10,237749
54897,2023-12-11,248340
54897,2023-12-13,267246
54897,2023-12-12,258199
54900,2023-12-13,92364
54900,2023-12-08,280440
54900,2023-12-09,235866
54900,2023-12-10,192822
54900,2023-12-11,156784
54900,2023-12-12,121450
54900,2023-12-07,332946
54952,2023-12-13,53199
54952,2023-12-11,71023
54952,2023-12-10,83903
54952,2023-12-12,61000
54952,2023-12-08,121713
54952,2023-12-07,149088
54952,2023-12-09,100451
54953,2023-12-07,575814
54953,2023-12-08,475319
54953,2023-12-09,383352
54953,2023-12-10,300182
54953,2023-12-11,224922
54953,2023-12-12,156823
54953,2023-12-13,95201
54957,2023-12-11,172864
54957,2023-12-13,173936
54957,2023-12-10,171519
54957,2023-12-12,173644
54957,2023-12-08,167082
54957,2023-12-07,164148
54957,2023-12-09,169580
54960,2023-12-07,1310618
54960,2023-12-08,1553279
54960,2023-12-09,1781003
54960,2023-12-10,2001478
54960,2023-12-11,2216607
54960,2023-12-12,2426923
54960,2023-12-13,2632629
55008,2023-12-13,162982
55008,2023-12-12,159900
55008,2023-12-11,163438
55008,2023-12-10,159584
55008,2023-12-08,159607
55008,2023-12-07,163385
55008,2023-12-09,163593
55009,2023-12-07,5145387
55009,2023-12-08,5043460
55009,2023-12-09,4943655
55009,2023-12-10,4847952
55009,2023-12-11,4756115
55009,2023-12-12,4667990
55009,2023-12-13,4583427
55011,2023-12-12,151344
55011,2023-12-13,151974
55011,2023-12-11,151464
55011,2023-12-07,159713
55011,2023-12-09,154866
55011,2023-12-08,157569
55011,2023-12-10,152650
55014,2023-12-12,161973
55014,2023-12-11,161968
55014,2023-12-10,161955
55014,2023-12-13,161974
55014,2023-12-08,161805
55014,2023-12-07,161536
55014,2023-12-09,161918
55041,2023-12-07,8346451
55041,2023-12-08,9528354
55041,2023-12-09,10573662
55041,2023-12-10,11753460
55041,2023-12-11,12800567
55041,2023-12-12,13978315
55041,2023-12-13,15027167
55042,2023-12-11,107736
55042,2023-12-13,99730
55042,2023-12-10,113970
55042,2023-12-12,103129
55042,2023-12-08,133757
55042,2023-12-07,150068
55042,2023-12-09,122455
55043,2023-12-07,160402
55043,2023-12-08,160177
55043,2023-12-09,160099
55043,2023-12-10,160135
55043,2023-12-11,160150
55043,2023-12-12,160145
55043,2023-12-13,160142
55044,2023-12-13,157811
55044,2023-12-12,159505
55044,2023-12-11,158696
55044,2023-12-08,156347
55044,2023-12-09,160880
55044,2023-12-07,159998
55044,2023-12-10,157642
55045,2023-12-13,285021
55045,2023-12-07,216413
55045,2023-12-08,231629
55045,2023-12-09,245074
55045,2023-12-10,256967
55045,2023-12-11,267486
55045,2023-12-12,276791
55057,2023-12-12,2594415
55057,2023-12-11,2668241
55057,2023-12-10,2749906
55057,2023-12-09,2834129
55057,2023-12-08,2915259
55057,2023-12-07,2987640
55057,2023-12-13,2532996
55058,2023-12-13,14886944
55058,2023-12-07,13779047
55058,2023-12-08,13959114
55058,2023-12-09,14144440
55058,2023-12-10,14332020
55058,2023-12-11,14519472
55058,2023-12-12,14704929
55067,2023-12-08,634916
55067,2023-12-13,395477
55067,2023-12-12,433883
55067,2023-12-07,685547
55067,2023-12-10,528096
55067,2023-12-09,581162
55067,2023-12-11,478417
55068,2023-12-07,160929
55068,2023-12-08,161775
55068,2023-12-09,162489
55068,2023-12-10,163034
55068,2023-12-11,163388
55068,2023-12-12,163545
55068,2023-12-13,163510
55069,2023-12-13,160554
55069,2023-12-12,160550
55069,2023-12-11,160543
55069,2023-12-10,160528
55069,2023-12-09,160500
55069,2023-12-08,160442
55069,2023-12-07,160328
55088,2023-12-07,5905938
55088,2023-12-08,5935553
55088,2023-12-09,5961369
55088,2023-12-10,5986521
55088,2023-12-11,6011218
55088,2023-12-12,6035481
55088,2023-12-13,6059319
55115,2023-12-13,148764
55115,2023-12-12,149671
55115,2023-12-11,150834
55115,2023-12-10,152243
55115,2023-12-09,153887
55115,2023-12-07,157795
55115,2023-12-08,155746
55159,2023-12-07,209833
55159,2023-12-08,211924
55159,2023-12-09,213760
55159,2023-12-10,215372
55159,2023-12-11,216787
55159,2023-12-12,218030
55159,2023-12-13,219121
55434,2023-12-13,198339
55434,2023-12-12,226023
55434,2023-12-11,255174
55434,2023-12-10,285995
55434,2023-12-09,318957
55434,2023-12-08,355328
55434,2023-12-07,398754
55439,2023-12-07,161721
55439,2023-12-08,160634
55439,2023-12-09,162059
55439,2023-12-10,161160
55439,2023-12-11,162340
55439,2023-12-12,161597
55439,2023-12-13,162574
55452,2023-12-13,1026782
55452,2023-12-12,1027906
55452,2023-12-07,1035172
55452,2023-12-10,1030455
55452,2023-12-09,1031898
55452,2023-12-11,1029127
55452,2023-12-08,1033467
55453,2023-12-13,-1821254
55453,2023-12-12,-1376180
55453,2023-12-08,702856
55453,2023-12-10,-368833
55453,2023-12-07,1308576
55453,2023-12-11,-841899
55453,2023-12-09,200044
55454,2023-12-08,443778
55454,2023-12-09,457208
55454,2023-12-10,471408
55454,2023-12-11,485730
55454,2023-12-12,499588
55454,2023-12-13,512476
55454,2023-12-07,431808
55462,2023-12-13,182584
55462,2023-12-12,183775
55462,2023-12-09,180033
55462,2023-12-08,176808
55462,2023-12-07,177557
55462,2023-12-10,183268
55462,2023-12-11,184435
55463,2023-12-07,202353
55463,2023-12-08,203490
55463,2023-12-09,207768
55463,2023-12-10,207290
55463,2023-12-11,203423
55463,2023-12-12,203366
55463,2023-12-13,206800
55464,2023-12-12,170932
55464,2023-12-13,163108
55464,2023-12-11,163098
55464,2023-12-09,165538
55464,2023-12-10,169812
55464,2023-12-08,165993
55464,2023-12-07,170615
55484,2023-12-08,2390389
55484,2023-12-09,2317506
55484,2023-12-10,2252884
55484,2023-12-11,2195588
55484,2023-12-12,2144786
55484,2023-12-13,2099743
55484,2023-12-07,2472589
55491,2023-12-12,4442707
55491,2023-12-13,4166726
55491,2023-12-09,5258992
55491,2023-12-08,5523328
55491,2023-12-07,5781753
55491,2023-12-10,4989982
55491,2023-12-11,4717500
55518,2023-12-07,2604355
55518,2023-12-08,2048748
55518,2023-12-09,1392861
55518,2023-12-10,653486
55518,2023-12-11,-150899
55518,2023-12-12,-1000584
55518,2023-12-13,-1875105
55519,2023-12-09,599653
55519,2023-12-07,605399
55519,2023-12-08,602223
55519,2023-12-10,597574
55519,2023-12-12,594529
55519,2023-12-13,593427
55519,2023-12-11,595891
55523,2023-12-13,186478
55523,2023-12-12,201610
55523,2023-12-10,238144
55523,2023-12-09,258843
55523,2023-12-11,218936
55523,2023-12-07,302821
55523,2023-12-08,280577
55649,2023-12-08,133215
55649,2023-12-13,40582
55649,2023-12-12,56614
55649,2023-12-07,155950
55649,2023-12-10,92243
55649,2023-12-09,112013
55649,2023-12-11,73806
55654,2023-12-13,339247
55654,2023-12-11,345633
55654,2023-12-12,342008
55654,2023-12-09,356626
55654,2023-12-08,364885
55654,2023-12-07,374765
55654,2023-12-10,350390
55656,2023-12-08,160283
55656,2023-12-09,160288
55656,2023-12-10,160288
55656,2023-12-11,160289
55656,2023-12-12,160289
55656,2023-12-13,160289
55656,2023-12-07,160260
55662,2023-12-13,1491448
55662,2023-12-12,1532311
55662,2023-12-11,1573666
55662,2023-12-09,1657213
55662,2023-12-08,1699015
55662,2023-12-07,1740519
55662,2023-12-10,1615359
55663,2023-12-07,185874
55663,2023-12-08,188829
55663,2023-12-09,191082
55663,2023-12-10,192800
55663,2023-12-11,194108
55663,2023-12-12,195104
55663,2023-12-13,195862
55664,2023-12-13,195933
55664,2023-12-12,197911
55664,2023-12-10,197480
55664,2023-12-09,193068
55664,2023-12-08,189937
55664,2023-12-07,193208
55664,2023-12-11,199159
55666,2023-12-07,676574
55666,2023-12-08,651380
55666,2023-12-09,632341
55666,2023-12-10,619433
55666,2023-12-11,609928
55666,2023-12-12,603356
55666,2023-12-13,598589
55667,2023-12-12,-77793
55667,2023-12-11,-96617
55667,2023-12-13,-45622
55667,2023-12-08,-30616
55667,2023-12-09,-77480
55667,2023-12-10,-97973
55667,2023-12-07,47118
55668,2023-12-08,11282439
55668,2023-12-09,11837018
55668,2023-12-10,12355851
55668,2023-12-11,12909661
55668,2023-12-12,13429235
55668,2023-12-13,13982308
55668,2023-12-07,10764381
55696,2023-12-13,163593
55696,2023-12-11,163543
55696,2023-12-12,163968
55696,2023-12-09,163575
55696,2023-12-08,163730
55696,2023-12-07,164657
55696,2023-12-10,164003
55738,2023-12-07,158607
55738,2023-12-08,161619
55738,2023-12-09,158973
55738,2023-12-10,161297
55738,2023-12-11,159256
55738,2023-12-12,161049
55738,2023-12-13,159474
55741,2023-12-12,1676519
55741,2023-12-11,1554432
55741,2023-12-13,1798619
55741,2023-12-09,1310878
55741,2023-12-08,1191853
55741,2023-12-10,1432427
55741,2023-12-07,1086794
55743,2023-12-13,122252
55743,2023-12-12,124085
55743,2023-12-08,146359
55743,2023-12-10,132813
55743,2023-12-09,139223
55743,2023-12-11,127654
55743,2023-12-07,153544
55754,2023-12-12,-9809908
55754,2023-12-11,-6206838
55754,2023-12-13,-13764400
55754,2023-12-09,-365533
55754,2023-12-08,1737670
55754,2023-12-10,-3034698
55754,2023-12-07,3222427
55790,2023-12-12,160062
55790,2023-12-11,158581
55790,2023-12-13,159775
55790,2023-12-08,159179
55790,2023-12-07,160869
55790,2023-12-09,157088
55790,2023-12-10,156906
55794,2023-12-07,194190
55794,2023-12-08,207917
55794,2023-12-09,227821
55794,2023-12-10,251653
55794,2023-12-11,277371
55794,2023-12-12,303212
55794,2023-12-13,327743
55871,2023-12-07,761471
55871,2023-12-08,716081
55871,2023-12-09,666865
55871,2023-12-10,614913
55871,2023-12-11,561352
55871,2023-12-12,507319
55871,2023-12-13,453936
55966,2023-12-07,977560
55966,2023-12-08,1029561
55966,2023-12-09,1067211
55966,2023-12-10,1119119
55966,2023-12-11,1156858
55966,2023-12-13,1246501
55966,2023-12-12,1208676
